time,EG,EU,GU
2020-08-20 00:00:00,0.90341,1.1844,1.31091
2020-08-20 00:01:00,0.9035,1.18393,1.31032
2020-08-20 00:02:00,0.90338,1.18396,1.31049
2020-08-20 00:03:00,0.90364,1.18418,1.31038
2020-08-20 00:04:00,0.9037,1.18418,1.31028
2020-08-20 00:05:00,0.9037200000000001,1.18433,1.31043
2020-08-20 00:06:00,0.9037299999999999,1.18447,1.31053
2020-08-20 00:07:00,0.9037200000000001,1.1845,1.31058
2020-08-20 00:08:00,0.90371,1.18441,1.31048
2020-08-20 00:09:00,0.90369,1.18438,1.31047
2020-08-20 00:10:00,0.90374,1.18439,1.31041
2020-08-20 00:11:00,0.9037700000000001,1.18437,1.31035
2020-08-20 00:12:00,0.9037299999999999,1.18415,1.31018
2020-08-20 00:13:00,0.90364,1.18419,1.31034
2020-08-20 00:14:00,0.9036,1.18403,1.31026
2020-08-20 00:15:00,0.90354,1.18407,1.31034
2020-08-20 00:16:00,0.9035,1.18396,1.31028
2020-08-20 00:17:00,0.9035200000000001,1.18398,1.31028
2020-08-20 00:18:00,0.9035799999999999,1.18393,1.31017
2020-08-20 00:19:00,0.9035799999999999,1.18403,1.31026
2020-08-20 00:20:00,0.90355,1.18398,1.31027
2020-08-20 00:21:00,0.90361,1.18404,1.31024
2020-08-20 00:22:00,0.90364,1.18412,1.31027
2020-08-20 00:23:00,0.9036700000000001,1.18418,1.31032
2020-08-20 00:24:00,0.90361,1.18417,1.31035
2020-08-20 00:25:00,0.9036200000000001,1.18416,1.31035
2020-08-20 00:26:00,0.90359,1.18419,1.31045
2020-08-20 00:27:00,0.9036,1.1842,1.31039
2020-08-20 00:28:00,0.90354,1.18425,1.31055
2020-08-20 00:29:00,0.90356,1.18427,1.31055
2020-08-20 00:30:00,0.90356,1.18428,1.31057
2020-08-20 00:31:00,0.90355,1.18424,1.31053
2020-08-20 00:32:00,0.90356,1.18435,1.31066
2020-08-20 00:33:00,0.90359,1.18445,1.31072
2020-08-20 00:34:00,0.9036,1.18446,1.31076
2020-08-20 00:35:00,0.90348,1.18434,1.31078
2020-08-20 00:36:00,0.9035700000000001,1.18462,1.31097
2020-08-20 00:37:00,0.90355,1.18452,1.31088
2020-08-20 00:38:00,0.90354,1.18465,1.31101
2020-08-20 00:39:00,0.9035,1.18455,1.31097
2020-08-20 00:40:00,0.90359,1.18464,1.31095
2020-08-20 00:41:00,0.9036,1.18474,1.31106
2020-08-20 00:42:00,0.9035,1.18463,1.31106
2020-08-20 00:43:00,0.90348,1.18466,1.31111
2020-08-20 00:44:00,0.90348,1.18486,1.31131
2020-08-20 00:45:00,0.90351,1.18496,1.31141
2020-08-20 00:46:00,0.90351,1.18494,1.31137
2020-08-20 00:47:00,0.90354,1.18479,1.31115
2020-08-20 00:48:00,0.90359,1.18485,1.31119
2020-08-20 00:49:00,0.9035799999999999,1.18484,1.31118
2020-08-20 00:50:00,0.9036,1.18474,1.31101
2020-08-20 00:51:00,0.9036,1.18478,1.31108
2020-08-20 00:52:00,0.90359,1.18478,1.31111
2020-08-20 00:53:00,0.9036200000000001,1.18486,1.31112
2020-08-20 00:54:00,0.9036200000000001,1.18464,1.31086
2020-08-20 00:55:00,0.9036700000000001,1.18455,1.3107
2020-08-20 00:56:00,0.9036700000000001,1.1847,1.31089
2020-08-20 00:57:00,0.9036700000000001,1.18457,1.31074
2020-08-20 00:58:00,0.9036200000000001,1.18453,1.31079
2020-08-20 00:59:00,0.9036799999999999,1.18435,1.31052
2020-08-20 01:00:00,0.90364,1.18446,1.31066
2020-08-20 01:01:00,0.90369,1.18451,1.31068
2020-08-20 01:02:00,0.90374,1.18444,1.31054
2020-08-20 01:03:00,0.90366,1.18449,1.31064
2020-08-20 01:04:00,0.90374,1.18448,1.31056
2020-08-20 01:05:00,0.9037200000000001,1.18446,1.31056
2020-08-20 01:06:00,0.9037,1.18449,1.31061
2020-08-20 01:07:00,0.90365,1.18453,1.31073
2020-08-20 01:08:00,0.90364,1.1846,1.3108
2020-08-20 01:09:00,0.90369,1.1844,1.31054
2020-08-20 01:10:00,0.90379,1.18452,1.31051
2020-08-20 01:11:00,0.9037799999999999,1.1846,1.31067
2020-08-20 01:12:00,0.9038,1.18464,1.31067
2020-08-20 01:13:00,0.9037700000000001,1.18463,1.31072
2020-08-20 01:14:00,0.90381,1.18477,1.31074
2020-08-20 01:15:00,0.9038799999999999,1.18464,1.31052
2020-08-20 01:16:00,0.9038,1.18457,1.31054
2020-08-20 01:17:00,0.9038,1.18445,1.31045
2020-08-20 01:18:00,0.90375,1.18427,1.3103
2020-08-20 01:19:00,0.9037700000000001,1.18378,1.30972
2020-08-20 01:20:00,0.9037799999999999,1.18363,1.30956
2020-08-20 01:21:00,0.9038,1.18345,1.30928
2020-08-20 01:22:00,0.9039200000000001,1.18316,1.30881
2020-08-20 01:23:00,0.90391,1.18324,1.3089
2020-08-20 01:24:00,0.9038799999999999,1.18325,1.30899
2020-08-20 01:25:00,0.9038700000000001,1.18332,1.30906
2020-08-20 01:26:00,0.90391,1.18337,1.30907
2020-08-20 01:27:00,0.90384,1.18327,1.30907
2020-08-20 01:28:00,0.90389,1.18332,1.30903
2020-08-20 01:29:00,0.9039,1.18322,1.30891
2020-08-20 01:30:00,0.9039299999999999,1.18341,1.30906
2020-08-20 01:31:00,0.90394,1.18339,1.309
2020-08-20 01:32:00,0.9039299999999999,1.18361,1.30926
2020-08-20 01:33:00,0.90389,1.18368,1.30945
2020-08-20 01:34:00,0.9038799999999999,1.18371,1.3095
2020-08-20 01:35:00,0.9038200000000001,1.18358,1.30946
2020-08-20 01:36:00,0.9037700000000001,1.18345,1.30939
2020-08-20 01:37:00,0.9037799999999999,1.18368,1.30961
2020-08-20 01:38:00,0.90376,1.18364,1.30961
2020-08-20 01:39:00,0.90375,1.18379,1.30979
2020-08-20 01:40:00,0.9037,1.18387,1.3099
2020-08-20 01:41:00,0.90369,1.18373,1.30976
2020-08-20 01:42:00,0.90374,1.18389,1.30988
2020-08-20 01:43:00,0.9037700000000001,1.18384,1.30978
2020-08-20 01:44:00,0.9037299999999999,1.1839,1.30991
2020-08-20 01:45:00,0.90375,1.18393,1.30986
2020-08-20 01:46:00,0.90374,1.18384,1.30979
2020-08-20 01:47:00,0.90376,1.18382,1.30976
2020-08-20 01:48:00,0.90379,1.18383,1.30969
2020-08-20 01:49:00,0.9038,1.18374,1.30963
2020-08-20 01:50:00,0.90397,1.18411,1.30979
2020-08-20 01:51:00,0.9040100000000001,1.18422,1.30985
2020-08-20 01:52:00,0.9040299999999999,1.18416,1.30979
2020-08-20 01:53:00,0.904,1.18402,1.30967
2020-08-20 01:54:00,0.90404,1.18405,1.30959
2020-08-20 01:55:00,0.90407,1.18417,1.30969
2020-08-20 01:56:00,0.90405,1.18414,1.30969
2020-08-20 01:57:00,0.90409,1.18438,1.30989
2020-08-20 01:58:00,0.9041600000000001,1.18434,1.30979
2020-08-20 01:59:00,0.9041799999999999,1.1843,1.30968
2020-08-20 02:00:00,0.90415,1.18439,1.30985
2020-08-20 02:01:00,0.9042,1.18428,1.30968
2020-08-20 02:02:00,0.90423,1.18427,1.30959
2020-08-20 02:03:00,0.90427,1.18434,1.30966
2020-08-20 02:04:00,0.9042600000000001,1.18432,1.30963
2020-08-20 02:05:00,0.90428,1.18434,1.30963
2020-08-20 02:06:00,0.90428,1.18432,1.30959
2020-08-20 02:07:00,0.90428,1.1843,1.30955
2020-08-20 02:08:00,0.9042899999999999,1.18437,1.3096
2020-08-20 02:09:00,0.90427,1.18428,1.30957
2020-08-20 02:10:00,0.90425,1.18426,1.30957
2020-08-20 02:11:00,0.90425,1.18422,1.30949
2020-08-20 02:12:00,0.90423,1.18434,1.30967
2020-08-20 02:13:00,0.9042399999999999,1.18425,1.30956
2020-08-20 02:14:00,0.9042100000000001,1.18419,1.30957
2020-08-20 02:15:00,0.9042100000000001,1.18414,1.30952
2020-08-20 02:16:00,0.9042600000000001,1.18418,1.30944
2020-08-20 02:17:00,0.9043,1.18414,1.30935
2020-08-20 02:18:00,0.90438,1.18389,1.30895
2020-08-20 02:19:00,0.9043899999999999,1.18401,1.30906
2020-08-20 02:20:00,0.90443,1.18408,1.30916
2020-08-20 02:21:00,0.90443,1.18413,1.30925
2020-08-20 02:22:00,0.9043200000000001,1.18417,1.3094
2020-08-20 02:23:00,0.90435,1.18415,1.30931
2020-08-20 02:24:00,0.9043399999999999,1.18415,1.30929
2020-08-20 02:25:00,0.9043200000000001,1.18405,1.30921
2020-08-20 02:26:00,0.9042399999999999,1.18385,1.30912
2020-08-20 02:27:00,0.90427,1.1838,1.30904
2020-08-20 02:28:00,0.9043,1.18384,1.30905
2020-08-20 02:29:00,0.9042399999999999,1.18389,1.30916
2020-08-20 02:30:00,0.90422,1.18384,1.3091
2020-08-20 02:31:00,0.9042899999999999,1.18388,1.30908
2020-08-20 02:32:00,0.9043399999999999,1.18396,1.3091
2020-08-20 02:33:00,0.90435,1.18418,1.30932
2020-08-20 02:34:00,0.9043399999999999,1.18411,1.30926
2020-08-20 02:35:00,0.9043899999999999,1.18416,1.30926
2020-08-20 02:36:00,0.9043899999999999,1.1841,1.30918
2020-08-20 02:37:00,0.9043700000000001,1.1841,1.30922
2020-08-20 02:38:00,0.9042899999999999,1.18419,1.30945
2020-08-20 02:39:00,0.90423,1.18409,1.30939
2020-08-20 02:40:00,0.9041899999999999,1.18385,1.30917
2020-08-20 02:41:00,0.90423,1.18375,1.30902
2020-08-20 02:42:00,0.9042399999999999,1.18385,1.3091
2020-08-20 02:43:00,0.90427,1.18377,1.30899
2020-08-20 02:44:00,0.9042899999999999,1.18367,1.30883
2020-08-20 02:45:00,0.90425,1.18375,1.30901
2020-08-20 02:46:00,0.9042100000000001,1.18355,1.30886
2020-08-20 02:47:00,0.90427,1.18362,1.30882
2020-08-20 02:48:00,0.9042399999999999,1.18367,1.30894
2020-08-20 02:49:00,0.90428,1.18377,1.30898
2020-08-20 02:50:00,0.9043100000000001,1.18383,1.30898
2020-08-20 02:51:00,0.90435,1.1839,1.30903
2020-08-20 02:52:00,0.90441,1.18392,1.309
2020-08-20 02:53:00,0.9044200000000001,1.18418,1.30923
2020-08-20 02:54:00,0.9044200000000001,1.18412,1.30915
2020-08-20 02:55:00,0.9044200000000001,1.18416,1.30921
2020-08-20 02:56:00,0.90443,1.18411,1.30913
2020-08-20 02:57:00,0.90449,1.18416,1.30906
2020-08-20 02:58:00,0.90448,1.18425,1.30919
2020-08-20 02:59:00,0.90446,1.1843,1.30928
2020-08-20 03:00:00,0.9044700000000001,1.18443,1.30944
2020-08-20 03:01:00,0.90445,1.18424,1.30922
2020-08-20 03:02:00,0.90438,1.18432,1.30939
2020-08-20 03:03:00,0.90433,1.18427,1.3094
2020-08-20 03:04:00,0.9043200000000001,1.18428,1.30952
2020-08-20 03:05:00,0.9043700000000001,1.18446,1.30959
2020-08-20 03:06:00,0.90428,1.18445,1.3097
2020-08-20 03:07:00,0.9042899999999999,1.18438,1.3096
2020-08-20 03:08:00,0.90425,1.1843,1.30966
2020-08-20 03:09:00,0.90425,1.18439,1.30968
2020-08-20 03:10:00,0.90433,1.18446,1.30968
2020-08-20 03:11:00,0.90436,1.18457,1.30973
2020-08-20 03:12:00,0.90428,1.18457,1.30984
2020-08-20 03:13:00,0.9042600000000001,1.1846,1.30991
2020-08-20 03:14:00,0.9042399999999999,1.18465,1.30999
2020-08-20 03:15:00,0.9042100000000001,1.18472,1.31012
2020-08-20 03:16:00,0.9042899999999999,1.1846,1.30991
2020-08-20 03:17:00,0.9042600000000001,1.18481,1.31017
2020-08-20 03:18:00,0.9042100000000001,1.18478,1.3102
2020-08-20 03:19:00,0.9042,1.18481,1.31027
2020-08-20 03:20:00,0.90422,1.18471,1.31009
2020-08-20 03:21:00,0.9043100000000001,1.18487,1.31021
2020-08-20 03:22:00,0.9043,1.18485,1.31018
2020-08-20 03:23:00,0.90428,1.18496,1.3103
2020-08-20 03:24:00,0.9043100000000001,1.18506,1.31038
2020-08-20 03:25:00,0.9043,1.18517,1.31048
2020-08-20 03:26:00,0.9042399999999999,1.18507,1.31042
2020-08-20 03:27:00,0.9042100000000001,1.18514,1.31056
2020-08-20 03:28:00,0.90425,1.18513,1.31049
2020-08-20 03:29:00,0.9043100000000001,1.18532,1.31064
2020-08-20 03:30:00,0.90433,1.18519,1.31048
2020-08-20 03:31:00,0.9043,1.1851,1.31038
2020-08-20 03:32:00,0.9042100000000001,1.18517,1.31058
2020-08-20 03:33:00,0.9042100000000001,1.18507,1.31057
2020-08-20 03:34:00,0.90423,1.18514,1.3105
2020-08-20 03:35:00,0.9041899999999999,1.18512,1.3106
2020-08-20 03:36:00,0.90417,1.18493,1.31042
2020-08-20 03:37:00,0.9041,1.18487,1.31046
2020-08-20 03:38:00,0.90405,1.18486,1.31048
2020-08-20 03:39:00,0.9040799999999999,1.18487,1.31046
2020-08-20 03:40:00,0.9040799999999999,1.18492,1.31053
2020-08-20 03:41:00,0.904,1.18469,1.31046
2020-08-20 03:42:00,0.90394,1.18474,1.31055
2020-08-20 03:43:00,0.9039299999999999,1.18469,1.31049
2020-08-20 03:44:00,0.9039299999999999,1.18467,1.31048
2020-08-20 03:45:00,0.9038700000000001,1.18459,1.31048
2020-08-20 03:46:00,0.90396,1.18452,1.31025
2020-08-20 03:47:00,0.9040299999999999,1.1847,1.31035
2020-08-20 03:48:00,0.90397,1.18457,1.31031
2020-08-20 03:49:00,0.90396,1.18461,1.31037
2020-08-20 03:50:00,0.90394,1.18461,1.31037
2020-08-20 03:51:00,0.90394,1.18456,1.31036
2020-08-20 03:52:00,0.90396,1.18464,1.31039
2020-08-20 03:53:00,0.90394,1.18459,1.31035
2020-08-20 03:54:00,0.90395,1.18458,1.31037
2020-08-20 03:55:00,0.9038700000000001,1.18467,1.31056
2020-08-20 03:56:00,0.90389,1.18463,1.31046
2020-08-20 03:57:00,0.9038799999999999,1.18486,1.31072
2020-08-20 03:58:00,0.90389,1.1848,1.31069
2020-08-20 03:59:00,0.9038700000000001,1.18481,1.31071
2020-08-20 04:00:00,0.9038700000000001,1.18471,1.31065
2020-08-20 04:01:00,0.90389,1.18475,1.31065
2020-08-20 04:02:00,0.9039,1.18471,1.31056
2020-08-20 04:03:00,0.9039200000000001,1.18477,1.31058
2020-08-20 04:04:00,0.90396,1.18478,1.31054
2020-08-20 04:05:00,0.9039799999999999,1.18478,1.31054
2020-08-20 04:06:00,0.90397,1.18481,1.31061
2020-08-20 04:07:00,0.90399,1.18488,1.31064
2020-08-20 04:08:00,0.90397,1.18498,1.31075
2020-08-20 04:09:00,0.90399,1.18506,1.31082
2020-08-20 04:10:00,0.90396,1.18507,1.31087
2020-08-20 04:11:00,0.90397,1.18504,1.31081
2020-08-20 04:12:00,0.90396,1.18502,1.31081
2020-08-20 04:13:00,0.9039299999999999,1.18488,1.3107
2020-08-20 04:14:00,0.9039299999999999,1.18492,1.31078
2020-08-20 04:15:00,0.90394,1.18492,1.31076
2020-08-20 04:16:00,0.90405,1.18484,1.31052
2020-08-20 04:17:00,0.9040299999999999,1.18484,1.31048
2020-08-20 04:18:00,0.9039799999999999,1.18492,1.31067
2020-08-20 04:19:00,0.904,1.18491,1.31067
2020-08-20 04:20:00,0.90397,1.18491,1.31069
2020-08-20 04:21:00,0.90402,1.18492,1.31064
2020-08-20 04:22:00,0.90402,1.18489,1.31057
2020-08-20 04:23:00,0.9039299999999999,1.18477,1.3106
2020-08-20 04:25:00,0.9039299999999999,1.18477,1.31059
2020-08-20 04:26:00,0.9039299999999999,1.18469,1.31048
2020-08-20 04:27:00,0.90395,1.18476,1.31056
2020-08-20 04:28:00,0.90394,1.18478,1.31056
2020-08-20 04:29:00,0.9039799999999999,1.18477,1.3105
2020-08-20 04:30:00,0.90399,1.18492,1.31067
2020-08-20 04:31:00,0.90402,1.18489,1.31061
2020-08-20 04:32:00,0.90404,1.1849,1.31054
2020-08-20 04:33:00,0.90407,1.18495,1.31056
2020-08-20 04:34:00,0.9040799999999999,1.1849,1.31051
2020-08-20 04:35:00,0.90407,1.18489,1.3105
2020-08-20 04:36:00,0.90409,1.18495,1.31054
2020-08-20 04:37:00,0.9041100000000001,1.185,1.31055
2020-08-20 04:38:00,0.90409,1.18494,1.31057
2020-08-20 04:39:00,0.90412,1.185,1.31056
2020-08-20 04:40:00,0.9041399999999999,1.18493,1.31045
2020-08-20 04:41:00,0.90409,1.1849,1.31046
2020-08-20 04:42:00,0.90405,1.18489,1.3105
2020-08-20 04:43:00,0.9040100000000001,1.18481,1.31049
2020-08-20 04:44:00,0.90396,1.1848,1.31052
2020-08-20 04:45:00,0.90405,1.18487,1.31048
2020-08-20 04:46:00,0.9040799999999999,1.1849,1.31048
2020-08-20 04:47:00,0.90409,1.1849,1.31048
2020-08-20 04:48:00,0.90415,1.18496,1.31047
2020-08-20 04:49:00,0.9041399999999999,1.18502,1.31058
2020-08-20 04:50:00,0.9041600000000001,1.18496,1.31047
2020-08-20 04:51:00,0.9041100000000001,1.18484,1.31037
2020-08-20 04:52:00,0.9041399999999999,1.18489,1.31039
2020-08-20 04:53:00,0.9041600000000001,1.1847,1.31015
2020-08-20 04:54:00,0.90422,1.18466,1.31006
2020-08-20 04:55:00,0.9041899999999999,1.18465,1.31005
2020-08-20 04:56:00,0.9043100000000001,1.18468,1.30993
2020-08-20 04:57:00,0.90438,1.18467,1.3098
2020-08-20 04:58:00,0.90443,1.18483,1.3099
2020-08-20 04:59:00,0.9045,1.18476,1.30976
2020-08-20 05:00:00,0.9046,1.18477,1.3096
2020-08-20 05:01:00,0.90455,1.18471,1.30958
2020-08-20 05:02:00,0.90454,1.1847,1.30964
2020-08-20 05:03:00,0.9045,1.1845,1.30946
2020-08-20 05:04:00,0.90446,1.18439,1.30938
2020-08-20 05:05:00,0.9043899999999999,1.18418,1.30923
2020-08-20 05:06:00,0.90443,1.1842,1.30921
2020-08-20 05:07:00,0.90441,1.18413,1.30925
2020-08-20 05:08:00,0.9044,1.18412,1.30919
2020-08-20 05:09:00,0.90436,1.18409,1.30921
2020-08-20 05:10:00,0.9043700000000001,1.18413,1.30921
2020-08-20 05:11:00,0.90438,1.18418,1.30927
2020-08-20 05:12:00,0.90438,1.18423,1.3093
2020-08-20 05:13:00,0.90445,1.18426,1.30923
2020-08-20 05:14:00,0.90449,1.18417,1.30909
2020-08-20 05:15:00,0.9045,1.18428,1.30919
2020-08-20 05:16:00,0.90451,1.18418,1.30909
2020-08-20 05:17:00,0.9044700000000001,1.18419,1.30914
2020-08-20 05:18:00,0.90448,1.1841,1.30904
2020-08-20 05:19:00,0.90448,1.1841,1.30903
2020-08-20 05:20:00,0.9045200000000001,1.18411,1.30897
2020-08-20 05:21:00,0.90454,1.18414,1.30901
2020-08-20 05:22:00,0.90451,1.18402,1.30891
2020-08-20 05:23:00,0.90461,1.18379,1.30853
2020-08-20 05:24:00,0.9046200000000001,1.1838,1.30852
2020-08-20 05:25:00,0.90466,1.18383,1.30854
2020-08-20 05:26:00,0.90456,1.18385,1.30866
2020-08-20 05:27:00,0.90453,1.18379,1.30868
2020-08-20 05:28:00,0.90455,1.18375,1.30858
2020-08-20 05:29:00,0.9044700000000001,1.18351,1.30848
2020-08-20 05:30:00,0.9044399999999999,1.18365,1.30864
2020-08-20 05:31:00,0.9045,1.18394,1.30882
2020-08-20 05:32:00,0.90451,1.18383,1.30871
2020-08-20 05:33:00,0.90448,1.1838,1.3087
2020-08-20 05:34:00,0.90454,1.18381,1.30862
2020-08-20 05:35:00,0.90476,1.18364,1.3081
2020-08-20 05:36:00,0.90476,1.18369,1.30817
2020-08-20 05:37:00,0.90489,1.18381,1.30814
2020-08-20 05:38:00,0.90496,1.18372,1.30789
2020-08-20 05:39:00,0.90491,1.18377,1.30805
2020-08-20 05:40:00,0.90484,1.18374,1.30808
2020-08-20 05:41:00,0.90499,1.18374,1.30791
2020-08-20 05:42:00,0.90499,1.18371,1.30789
2020-08-20 05:43:00,0.90502,1.18354,1.30766
2020-08-20 05:44:00,0.90501,1.18361,1.30772
2020-08-20 05:45:00,0.9050799999999999,1.18354,1.30757
2020-08-20 05:46:00,0.9050600000000001,1.18348,1.30752
2020-08-20 05:47:00,0.9050799999999999,1.18359,1.30763
2020-08-20 05:48:00,0.90502,1.18363,1.30773
2020-08-20 05:49:00,0.90499,1.18355,1.30771
2020-08-20 05:50:00,0.90494,1.18355,1.30779
2020-08-20 05:51:00,0.9049299999999999,1.18354,1.30782
2020-08-20 05:52:00,0.90491,1.18345,1.30773
2020-08-20 05:53:00,0.90491,1.18342,1.30771
2020-08-20 05:54:00,0.9048299999999999,1.18331,1.30771
2020-08-20 05:55:00,0.9049299999999999,1.18371,1.30804
2020-08-20 05:56:00,0.90486,1.18382,1.30823
2020-08-20 05:57:00,0.9048299999999999,1.18397,1.30847
2020-08-20 05:58:00,0.90461,1.18408,1.30887
2020-08-20 05:59:00,0.9047,1.18406,1.30873
2020-08-20 06:00:00,0.90481,1.18414,1.30866
2020-08-20 06:01:00,0.90481,1.18383,1.30828
2020-08-20 06:02:00,0.9047799999999999,1.18369,1.30819
2020-08-20 06:03:00,0.9047,1.18361,1.3082
2020-08-20 06:04:00,0.90486,1.18356,1.3079
2020-08-20 06:05:00,0.9047200000000001,1.18369,1.30828
2020-08-20 06:06:00,0.9047700000000001,1.18392,1.30849
2020-08-20 06:07:00,0.90464,1.18403,1.30872
2020-08-20 06:08:00,0.9047200000000001,1.18416,1.30879
2020-08-20 06:09:00,0.90474,1.18411,1.3087
2020-08-20 06:10:00,0.9046,1.1842,1.30899
2020-08-20 06:11:00,0.90465,1.18424,1.30895
2020-08-20 06:12:00,0.90475,1.18403,1.30861
2020-08-20 06:13:00,0.90456,1.18353,1.30832
2020-08-20 06:14:00,0.9046,1.18353,1.30825
2020-08-20 06:15:00,0.9046299999999999,1.18349,1.30822
2020-08-20 06:16:00,0.90486,1.18356,1.30793
2020-08-20 06:17:00,0.905,1.18389,1.30811
2020-08-20 06:18:00,0.90491,1.18385,1.30816
2020-08-20 06:19:00,0.9050299999999999,1.18383,1.30797
2020-08-20 06:20:00,0.9050600000000001,1.18361,1.30773
2020-08-20 06:21:00,0.9050799999999999,1.18362,1.30764
2020-08-20 06:22:00,0.90515,1.18366,1.30761
2020-08-20 06:23:00,0.90512,1.18368,1.30773
2020-08-20 06:24:00,0.90502,1.18381,1.308
2020-08-20 06:25:00,0.9051,1.18421,1.30829
2020-08-20 06:26:00,0.9051600000000001,1.18431,1.30831
2020-08-20 06:27:00,0.9051299999999999,1.18437,1.30841
2020-08-20 06:28:00,0.90522,1.18438,1.30829
2020-08-20 06:29:00,0.90528,1.18449,1.30832
2020-08-20 06:30:00,0.9051100000000001,1.18445,1.30852
2020-08-20 06:31:00,0.90528,1.18445,1.30828
2020-08-20 06:32:00,0.9051,1.18451,1.30863
2020-08-20 06:33:00,0.90499,1.18443,1.30869
2020-08-20 06:34:00,0.9049,1.18422,1.30863
2020-08-20 06:35:00,0.9049299999999999,1.18396,1.30831
2020-08-20 06:36:00,0.9051100000000001,1.18417,1.30824
2020-08-20 06:37:00,0.9051799999999999,1.18423,1.30822
2020-08-20 06:38:00,0.90515,1.1843,1.30833
2020-08-20 06:39:00,0.90522,1.1843,1.30824
2020-08-20 06:40:00,0.9051600000000001,1.18416,1.30812
2020-08-20 06:41:00,0.90507,1.18387,1.30796
2020-08-20 06:42:00,0.90514,1.18413,1.30814
2020-08-20 06:43:00,0.90535,1.18425,1.30796
2020-08-20 06:44:00,0.9053899999999999,1.18427,1.30797
2020-08-20 06:45:00,0.90548,1.1843,1.30788
2020-08-20 06:46:00,0.9056,1.18391,1.30728
2020-08-20 06:47:00,0.90554,1.1838,1.30723
2020-08-20 06:48:00,0.9054700000000001,1.1837,1.30721
2020-08-20 06:49:00,0.90549,1.18385,1.3073
2020-08-20 06:50:00,0.90579,1.18386,1.30698
2020-08-20 06:51:00,0.9057799999999999,1.18401,1.30712
2020-08-20 06:52:00,0.9057799999999999,1.18425,1.30737
2020-08-20 06:53:00,0.9057700000000001,1.18411,1.30719
2020-08-20 06:54:00,0.9057200000000001,1.18435,1.30746
2020-08-20 06:55:00,0.90574,1.18435,1.30754
2020-08-20 06:56:00,0.9056799999999999,1.18426,1.30749
2020-08-20 06:57:00,0.90556,1.18394,1.30734
2020-08-20 06:58:00,0.9054700000000001,1.18396,1.30749
2020-08-20 06:59:00,0.90548,1.18395,1.30753
2020-08-20 07:00:00,0.90528,1.18388,1.30771
2020-08-20 07:01:00,0.9057799999999999,1.18404,1.30712
2020-08-20 07:02:00,0.9058200000000001,1.18386,1.30683
2020-08-20 07:03:00,0.90585,1.18386,1.30681
2020-08-20 07:04:00,0.9061799999999999,1.18401,1.30654
2020-08-20 07:05:00,0.9062100000000001,1.1843,1.30678
2020-08-20 07:06:00,0.9061299999999999,1.18443,1.30705
2020-08-20 07:07:00,0.90636,1.18497,1.30728
2020-08-20 07:08:00,0.90659,1.18559,1.30765
2020-08-20 07:09:00,0.9067799999999999,1.18559,1.30742
2020-08-20 07:10:00,0.90664,1.18559,1.30763
2020-08-20 07:11:00,0.90665,1.18579,1.30782
2020-08-20 07:12:00,0.90654,1.18569,1.30785
2020-08-20 07:13:00,0.9065700000000001,1.18566,1.30775
2020-08-20 07:14:00,0.9066299999999999,1.18575,1.30775
2020-08-20 07:15:00,0.90641,1.18548,1.30781
2020-08-20 07:16:00,0.9063899999999999,1.18547,1.30785
2020-08-20 07:17:00,0.90638,1.18544,1.30782
2020-08-20 07:18:00,0.9063200000000001,1.1853,1.30773
2020-08-20 07:19:00,0.9064200000000001,1.1854,1.30772
2020-08-20 07:20:00,0.9064700000000001,1.18562,1.30793
2020-08-20 07:21:00,0.90628,1.18593,1.3085
2020-08-20 07:22:00,0.90643,1.18623,1.30863
2020-08-20 07:23:00,0.9063700000000001,1.18611,1.30854
2020-08-20 07:24:00,0.90654,1.1863,1.30858
2020-08-20 07:25:00,0.90655,1.18623,1.30842
2020-08-20 07:26:00,0.90664,1.18616,1.30823
2020-08-20 07:27:00,0.9066200000000001,1.18632,1.30842
2020-08-20 07:28:00,0.90659,1.18614,1.30828
2020-08-20 07:29:00,0.9065200000000001,1.18625,1.30849
2020-08-20 07:30:00,0.90656,1.18659,1.30881
2020-08-20 07:31:00,0.9066,1.18654,1.30871
2020-08-20 07:32:00,0.9065,1.18644,1.30874
2020-08-20 07:33:00,0.90655,1.18679,1.30903
2020-08-20 07:34:00,0.90641,1.1867,1.30917
2020-08-20 07:35:00,0.90638,1.18655,1.30903
2020-08-20 07:36:00,0.9061899999999999,1.18652,1.30926
2020-08-20 07:37:00,0.9060600000000001,1.18624,1.30918
2020-08-20 07:38:00,0.9061100000000001,1.18611,1.30892
2020-08-20 07:39:00,0.9061299999999999,1.18633,1.30912
2020-08-20 07:40:00,0.9062,1.18623,1.30891
2020-08-20 07:41:00,0.90601,1.18627,1.30927
2020-08-20 07:42:00,0.90607,1.18633,1.30925
2020-08-20 07:43:00,0.90596,1.18628,1.30934
2020-08-20 07:44:00,0.90576,1.18606,1.30942
2020-08-20 07:45:00,0.9057700000000001,1.1861,1.30941
2020-08-20 07:46:00,0.9058799999999999,1.18593,1.30905
2020-08-20 07:47:00,0.90594,1.18586,1.30894
2020-08-20 07:48:00,0.90591,1.18579,1.30887
2020-08-20 07:49:00,0.90595,1.1857,1.30871
2020-08-20 07:50:00,0.90585,1.18546,1.30856
2020-08-20 07:51:00,0.9057799999999999,1.18538,1.30858
2020-08-20 07:52:00,0.9056200000000001,1.18537,1.30881
2020-08-20 07:53:00,0.9056299999999999,1.18522,1.30862
2020-08-20 07:54:00,0.90556,1.1851,1.3086
2020-08-20 07:55:00,0.90548,1.18507,1.30874
2020-08-20 07:56:00,0.90553,1.1853,1.30886
2020-08-20 07:57:00,0.9055,1.18511,1.3087
2020-08-20 07:58:00,0.90565,1.18515,1.30855
2020-08-20 07:59:00,0.90545,1.18527,1.30894
2020-08-20 08:00:00,0.90535,1.18527,1.30909
2020-08-20 08:01:00,0.9055200000000001,1.18515,1.30871
2020-08-20 08:02:00,0.9051799999999999,1.18543,1.30953
2020-08-20 08:03:00,0.90502,1.18517,1.30951
2020-08-20 08:04:00,0.9048,1.18491,1.30952
2020-08-20 08:05:00,0.9047700000000001,1.18487,1.30951
2020-08-20 08:06:00,0.9047700000000001,1.18484,1.30945
2020-08-20 08:07:00,0.9048799999999999,1.18484,1.30935
2020-08-20 08:08:00,0.90496,1.18497,1.30934
2020-08-20 08:09:00,0.9050299999999999,1.18505,1.30933
2020-08-20 08:10:00,0.90501,1.18502,1.30937
2020-08-20 08:11:00,0.90499,1.18511,1.30951
2020-08-20 08:12:00,0.9049299999999999,1.185,1.30943
2020-08-20 08:13:00,0.9048200000000001,1.18466,1.3092
2020-08-20 08:14:00,0.9047200000000001,1.1842,1.30881
2020-08-20 08:15:00,0.9048200000000001,1.18416,1.3087
2020-08-20 08:16:00,0.90479,1.18414,1.3087
2020-08-20 08:17:00,0.90474,1.18419,1.30882
2020-08-20 08:18:00,0.9047799999999999,1.18415,1.30875
2020-08-20 08:19:00,0.90476,1.18385,1.3084
2020-08-20 08:20:00,0.9049299999999999,1.18381,1.30808
2020-08-20 08:21:00,0.90471,1.18371,1.30832
2020-08-20 08:22:00,0.9041600000000001,1.18234,1.30761
2020-08-20 08:23:00,0.9043899999999999,1.18245,1.30739
2020-08-20 08:24:00,0.9044,1.18266,1.30757
2020-08-20 08:25:00,0.90435,1.18269,1.3077
2020-08-20 08:26:00,0.9042600000000001,1.18234,1.30744
2020-08-20 08:27:00,0.90409,1.18228,1.30764
2020-08-20 08:28:00,0.9038799999999999,1.18188,1.30752
2020-08-20 08:29:00,0.90364,1.18164,1.30757
2020-08-20 08:30:00,0.9035,1.18143,1.30752
2020-08-20 08:31:00,0.9039,1.18159,1.30716
2020-08-20 08:32:00,0.90386,1.18149,1.30707
2020-08-20 08:33:00,0.9038,1.18164,1.3073
2020-08-20 08:34:00,0.90366,1.18184,1.30773
2020-08-20 08:35:00,0.9035,1.18193,1.30813
2020-08-20 08:36:00,0.90361,1.18186,1.30788
2020-08-20 08:37:00,0.9035700000000001,1.18235,1.30846
2020-08-20 08:38:00,0.90354,1.18245,1.30858
2020-08-20 08:39:00,0.9035,1.18259,1.30884
2020-08-20 08:40:00,0.90333,1.18259,1.30901
2020-08-20 08:41:00,0.9033399999999999,1.1824,1.30884
2020-08-20 08:42:00,0.90338,1.18263,1.30906
2020-08-20 08:43:00,0.90354,1.18278,1.30897
2020-08-20 08:44:00,0.9035,1.18282,1.30909
2020-08-20 08:45:00,0.9036700000000001,1.18296,1.30896
2020-08-20 08:46:00,0.90349,1.18292,1.30926
2020-08-20 08:47:00,0.9032100000000001,1.18282,1.30953
2020-08-20 08:48:00,0.90286,1.18252,1.30968
2020-08-20 08:49:00,0.9029,1.18263,1.3098
2020-08-20 08:50:00,0.90296,1.18256,1.30961
2020-08-20 08:51:00,0.9031399999999999,1.18227,1.30902
2020-08-20 08:52:00,0.90315,1.18247,1.30919
2020-08-20 08:53:00,0.90304,1.18256,1.30948
2020-08-20 08:54:00,0.90295,1.18268,1.30978
2020-08-20 08:55:00,0.90289,1.18271,1.30992
2020-08-20 08:56:00,0.90289,1.18303,1.31026
2020-08-20 08:57:00,0.90264,1.18354,1.31114
2020-08-20 08:58:00,0.90269,1.18372,1.3113
2020-08-20 08:59:00,0.9029200000000001,1.18365,1.31091
2020-08-20 09:00:00,0.9030600000000001,1.18363,1.31068
2020-08-20 09:01:00,0.9031100000000001,1.18384,1.31084
2020-08-20 09:02:00,0.90285,1.18386,1.31128
2020-08-20 09:03:00,0.9027700000000001,1.18381,1.31131
2020-08-20 09:04:00,0.9028200000000001,1.18345,1.31077
2020-08-20 09:05:00,0.9030600000000001,1.18354,1.3106
2020-08-20 09:06:00,0.90274,1.18354,1.31104
2020-08-20 09:07:00,0.90271,1.18364,1.31118
2020-08-20 09:08:00,0.9026200000000001,1.18392,1.31159
2020-08-20 09:09:00,0.90302,1.18443,1.31157
2020-08-20 09:10:00,0.90281,1.18435,1.31178
2020-08-20 09:11:00,0.90266,1.18414,1.31171
2020-08-20 09:12:00,0.9028,1.18402,1.31146
2020-08-20 09:13:00,0.9026,1.18382,1.31151
2020-08-20 09:14:00,0.90256,1.18374,1.31138
2020-08-20 09:15:00,0.9025799999999999,1.18369,1.31137
2020-08-20 09:16:00,0.9025299999999999,1.18345,1.31113
2020-08-20 09:17:00,0.90254,1.1833,1.31103
2020-08-20 09:18:00,0.9026200000000001,1.18299,1.31058
2020-08-20 09:19:00,0.9026299999999999,1.1831,1.31063
2020-08-20 09:20:00,0.9027200000000001,1.18312,1.31054
2020-08-20 09:21:00,0.90266,1.18313,1.31068
2020-08-20 09:22:00,0.9027,1.18317,1.31068
2020-08-20 09:23:00,0.90289,1.18331,1.31052
2020-08-20 09:24:00,0.9028200000000001,1.18338,1.31069
2020-08-20 09:25:00,0.90269,1.18294,1.31039
2020-08-20 09:26:00,0.9026700000000001,1.18246,1.30986
2020-08-20 09:27:00,0.9028799999999999,1.18266,1.3098
2020-08-20 09:28:00,0.90275,1.18241,1.3097
2020-08-20 09:29:00,0.90275,1.18242,1.30969
2020-08-20 09:30:00,0.90266,1.18271,1.31019
2020-08-20 09:31:00,0.90266,1.18267,1.3101
2020-08-20 09:32:00,0.90254,1.18242,1.31004
2020-08-20 09:33:00,0.9026200000000001,1.18247,1.30997
2020-08-20 09:34:00,0.9025299999999999,1.18231,1.30992
2020-08-20 09:35:00,0.90266,1.18228,1.30972
2020-08-20 09:36:00,0.9028200000000001,1.18238,1.30962
2020-08-20 09:37:00,0.9029200000000001,1.18264,1.3097
2020-08-20 09:38:00,0.90291,1.18292,1.31005
2020-08-20 09:39:00,0.9028,1.18297,1.31019
2020-08-20 09:40:00,0.90246,1.18309,1.31088
2020-08-20 09:41:00,0.9025200000000001,1.18298,1.31071
2020-08-20 09:42:00,0.9025200000000001,1.18314,1.31085
2020-08-20 09:43:00,0.9025200000000001,1.18297,1.31069
2020-08-20 09:44:00,0.90265,1.18353,1.31111
2020-08-20 09:45:00,0.90266,1.18392,1.31152
2020-08-20 09:46:00,0.9027,1.18365,1.31111
2020-08-20 09:47:00,0.90256,1.18355,1.31126
2020-08-20 09:48:00,0.9026799999999999,1.18367,1.31118
2020-08-20 09:49:00,0.90271,1.18368,1.31119
2020-08-20 09:50:00,0.90276,1.18387,1.31128
2020-08-20 09:51:00,0.90291,1.184,1.31121
2020-08-20 09:52:00,0.9028,1.18392,1.31129
2020-08-20 09:53:00,0.9027200000000001,1.18372,1.31117
2020-08-20 09:54:00,0.9025299999999999,1.18331,1.31104
2020-08-20 09:55:00,0.9025200000000001,1.18319,1.3109
2020-08-20 09:56:00,0.9025,1.18332,1.31112
2020-08-20 09:57:00,0.9020600000000001,1.18327,1.31164
2020-08-20 09:58:00,0.9021,1.18334,1.31165
2020-08-20 09:59:00,0.90207,1.18331,1.31169
2020-08-20 10:00:00,0.90215,1.18338,1.31167
2020-08-20 10:01:00,0.9018799999999999,1.18359,1.31225
2020-08-20 10:02:00,0.9021600000000001,1.18344,1.31168
2020-08-20 10:03:00,0.90199,1.18333,1.3118
2020-08-20 10:04:00,0.90204,1.1833,1.31175
2020-08-20 10:05:00,0.9023200000000001,1.18322,1.31127
2020-08-20 10:06:00,0.90238,1.18343,1.31132
2020-08-20 10:07:00,0.9024399999999999,1.18386,1.31176
2020-08-20 10:08:00,0.90259,1.18402,1.31171
2020-08-20 10:09:00,0.90236,1.18375,1.31173
2020-08-20 10:10:00,0.90218,1.18366,1.3119
2020-08-20 10:11:00,0.9022399999999999,1.18331,1.31145
2020-08-20 10:12:00,0.9024,1.18326,1.31114
2020-08-20 10:13:00,0.90236,1.18331,1.31126
2020-08-20 10:14:00,0.9025200000000001,1.18358,1.31139
2020-08-20 10:15:00,0.90245,1.18337,1.31125
2020-08-20 10:16:00,0.90238,1.18318,1.31113
2020-08-20 10:17:00,0.90241,1.1833,1.31117
2020-08-20 10:18:00,0.9023200000000001,1.18331,1.3113
2020-08-20 10:19:00,0.9021600000000001,1.18315,1.31137
2020-08-20 10:20:00,0.90196,1.18281,1.31128
2020-08-20 10:21:00,0.9018799999999999,1.18293,1.31152
2020-08-20 10:22:00,0.90191,1.18322,1.31181
2020-08-20 10:23:00,0.9019,1.18302,1.3116
2020-08-20 10:24:00,0.9019,1.18352,1.31221
2020-08-20 10:25:00,0.90171,1.18357,1.3125
2020-08-20 10:26:00,0.90179,1.18348,1.3123
2020-08-20 10:27:00,0.9017700000000001,1.18351,1.31232
2020-08-20 10:28:00,0.9018700000000001,1.18359,1.3123
2020-08-20 10:29:00,0.90191,1.18374,1.31237
2020-08-20 10:30:00,0.9022700000000001,1.18376,1.31191
2020-08-20 10:31:00,0.9022,1.18392,1.31217
2020-08-20 10:32:00,0.9021600000000001,1.18407,1.31243
2020-08-20 10:33:00,0.90196,1.18389,1.3125
2020-08-20 10:34:00,0.9019,1.18395,1.31266
2020-08-20 10:35:00,0.9017299999999999,1.1838,1.31273
2020-08-20 10:36:00,0.90169,1.18382,1.31282
2020-08-20 10:37:00,0.90161,1.18391,1.31302
2020-08-20 10:38:00,0.9016700000000001,1.1837,1.31267
2020-08-20 10:39:00,0.9015299999999999,1.18369,1.31288
2020-08-20 10:40:00,0.90149,1.18351,1.3128
2020-08-20 10:41:00,0.90148,1.18351,1.3128
2020-08-20 10:42:00,0.90151,1.18347,1.31271
2020-08-20 10:43:00,0.90146,1.18337,1.31269
2020-08-20 10:44:00,0.9015,1.18322,1.31252
2020-08-20 10:45:00,0.90154,1.18322,1.31239
2020-08-20 10:46:00,0.9016299999999999,1.18312,1.31216
2020-08-20 10:47:00,0.90166,1.18319,1.31216
2020-08-20 10:48:00,0.90176,1.18336,1.31223
2020-08-20 10:49:00,0.9018299999999999,1.18345,1.31223
2020-08-20 10:50:00,0.9018,1.18356,1.31238
2020-08-20 10:51:00,0.90176,1.18401,1.3129
2020-08-20 10:52:00,0.90205,1.18429,1.31283
2020-08-20 10:53:00,0.90191,1.18426,1.31297
2020-08-20 10:54:00,0.90159,1.18445,1.31364
2020-08-20 10:55:00,0.9015200000000001,1.18444,1.31371
2020-08-20 10:56:00,0.9015200000000001,1.18407,1.31335
2020-08-20 10:57:00,0.90155,1.1839,1.31311
2020-08-20 10:58:00,0.90179,1.18426,1.31317
2020-08-20 10:59:00,0.9017799999999999,1.18394,1.31279
2020-08-20 11:00:00,0.90181,1.18398,1.31283
2020-08-20 11:01:00,0.9017,1.18354,1.31249
2020-08-20 11:02:00,0.9018299999999999,1.18347,1.31227
2020-08-20 11:03:00,0.9017700000000001,1.18333,1.31213
2020-08-20 11:04:00,0.9017799999999999,1.1833,1.3121
2020-08-20 11:05:00,0.9016299999999999,1.18312,1.31213
2020-08-20 11:06:00,0.9016,1.18321,1.31225
2020-08-20 11:07:00,0.90166,1.18316,1.31212
2020-08-20 11:08:00,0.9017299999999999,1.18324,1.3121
2020-08-20 11:09:00,0.90185,1.18349,1.31225
2020-08-20 11:10:00,0.90181,1.18347,1.31226
2020-08-20 11:11:00,0.90181,1.18369,1.31255
2020-08-20 11:12:00,0.9017,1.18371,1.31269
2020-08-20 11:13:00,0.90176,1.18371,1.31262
2020-08-20 11:14:00,0.9016299999999999,1.18394,1.31304
2020-08-20 11:15:00,0.9016299999999999,1.18383,1.3129
2020-08-20 11:16:00,0.9015799999999999,1.18387,1.31303
2020-08-20 11:17:00,0.9014,1.18394,1.31338
2020-08-20 11:18:00,0.9012700000000001,1.18378,1.31339
2020-08-20 11:19:00,0.90138,1.18384,1.31329
2020-08-20 11:20:00,0.90159,1.18382,1.31293
2020-08-20 11:21:00,0.90161,1.18375,1.31288
2020-08-20 11:22:00,0.90159,1.18382,1.31298
2020-08-20 11:23:00,0.90171,1.18392,1.31291
2020-08-20 11:24:00,0.90171,1.18414,1.31311
2020-08-20 11:25:00,0.90175,1.18419,1.31314
2020-08-20 11:26:00,0.90159,1.18419,1.31338
2020-08-20 11:27:00,0.90155,1.18415,1.31337
2020-08-20 11:28:00,0.9015299999999999,1.18414,1.31337
2020-08-20 11:29:00,0.9016200000000001,1.18411,1.31322
2020-08-20 11:30:00,0.90174,1.18414,1.31311
2020-08-20 11:31:00,0.90174,1.18409,1.31303
2020-08-20 11:32:00,0.9016799999999999,1.18388,1.31287
2020-08-20 11:33:00,0.9017,1.18408,1.31311
2020-08-20 11:34:00,0.90161,1.18391,1.31304
2020-08-20 11:35:00,0.9016,1.18388,1.31297
2020-08-20 11:36:00,0.9012100000000001,1.18434,1.3141
2020-08-20 11:37:00,0.90141,1.18452,1.31398
2020-08-20 11:38:00,0.90138,1.18441,1.31396
2020-08-20 11:39:00,0.9013200000000001,1.18437,1.31396
2020-08-20 11:40:00,0.9013,1.18462,1.31427
2020-08-20 11:41:00,0.90125,1.18455,1.31429
2020-08-20 11:42:00,0.9013,1.1847,1.31439
2020-08-20 11:43:00,0.90117,1.18477,1.31464
2020-08-20 11:44:00,0.9011399999999999,1.18483,1.31476
2020-08-20 11:45:00,0.901,1.18467,1.31478
2020-08-20 11:46:00,0.9012399999999999,1.18481,1.31457
2020-08-20 11:47:00,0.90125,1.18484,1.31455
2020-08-20 11:48:00,0.9011600000000001,1.18494,1.31486
2020-08-20 11:49:00,0.90125,1.18487,1.3146
2020-08-20 11:50:00,0.9012399999999999,1.1847,1.31444
2020-08-20 11:51:00,0.9012100000000001,1.18469,1.31448
2020-08-20 11:52:00,0.9010799999999999,1.18455,1.31451
2020-08-20 11:53:00,0.9013899999999999,1.18463,1.31415
2020-08-20 11:54:00,0.9013700000000001,1.18451,1.31405
2020-08-20 11:55:00,0.90136,1.18425,1.31379
2020-08-20 11:56:00,0.9012100000000001,1.18449,1.31428
2020-08-20 11:57:00,0.9012899999999999,1.18462,1.31426
2020-08-20 11:58:00,0.90128,1.1848,1.31447
2020-08-20 11:59:00,0.90143,1.18466,1.3141
2020-08-20 12:00:00,0.9014700000000001,1.18493,1.31439
2020-08-20 12:01:00,0.90146,1.18475,1.31418
2020-08-20 12:02:00,0.9013700000000001,1.18481,1.31437
2020-08-20 12:03:00,0.9014200000000001,1.18473,1.31424
2020-08-20 12:04:00,0.90143,1.18464,1.31409
2020-08-20 12:05:00,0.90145,1.18461,1.31403
2020-08-20 12:06:00,0.9015,1.18489,1.31426
2020-08-20 12:07:00,0.90145,1.18474,1.31413
2020-08-20 12:08:00,0.9015200000000001,1.18462,1.3139
2020-08-20 12:09:00,0.9014700000000001,1.18455,1.31399
2020-08-20 12:10:00,0.9013700000000001,1.1844,1.31392
2020-08-20 12:11:00,0.90122,1.18443,1.31418
2020-08-20 12:12:00,0.90115,1.18443,1.3143
2020-08-20 12:13:00,0.90148,1.18473,1.31409
2020-08-20 12:14:00,0.9016700000000001,1.1851,1.31427
2020-08-20 12:15:00,0.90165,1.185,1.31417
2020-08-20 12:16:00,0.90164,1.18476,1.31392
2020-08-20 12:17:00,0.9017200000000001,1.18458,1.31364
2020-08-20 12:18:00,0.90159,1.18432,1.31354
2020-08-20 12:19:00,0.9017,1.18429,1.31336
2020-08-20 12:20:00,0.90159,1.18433,1.31355
2020-08-20 12:21:00,0.90166,1.18439,1.31355
2020-08-20 12:22:00,0.9016200000000001,1.18445,1.31362
2020-08-20 12:23:00,0.90159,1.18468,1.31389
2020-08-20 12:24:00,0.90164,1.18463,1.31379
2020-08-20 12:25:00,0.90175,1.18476,1.31378
2020-08-20 12:26:00,0.9017200000000001,1.18494,1.31406
2020-08-20 12:27:00,0.90148,1.18445,1.31381
2020-08-20 12:28:00,0.9014200000000001,1.18447,1.31394
2020-08-20 12:29:00,0.90148,1.18445,1.31387
2020-08-20 12:30:00,0.90154,1.18442,1.31361
2020-08-20 12:31:00,0.9015200000000001,1.18443,1.31374
2020-08-20 12:32:00,0.90181,1.18499,1.31392
2020-08-20 12:33:00,0.9018200000000001,1.18497,1.31388
2020-08-20 12:34:00,0.90176,1.18467,1.31366
2020-08-20 12:35:00,0.9018200000000001,1.18482,1.31373
2020-08-20 12:36:00,0.9019299999999999,1.18496,1.3137
2020-08-20 12:37:00,0.90191,1.18515,1.31399
2020-08-20 12:38:00,0.90192,1.1852,1.314
2020-08-20 12:39:00,0.90199,1.18534,1.31407
2020-08-20 12:40:00,0.90215,1.1855,1.314
2020-08-20 12:41:00,0.9020799999999999,1.18534,1.31394
2020-08-20 12:42:00,0.90197,1.18504,1.31374
2020-08-20 12:43:00,0.9019799999999999,1.18507,1.31378
2020-08-20 12:44:00,0.9022100000000001,1.1851,1.31349
2020-08-20 12:45:00,0.90225,1.18503,1.31334
2020-08-20 12:46:00,0.90243,1.18512,1.31313
2020-08-20 12:47:00,0.9024700000000001,1.18452,1.31247
2020-08-20 12:48:00,0.90241,1.18451,1.3125
2020-08-20 12:49:00,0.90254,1.18475,1.31267
2020-08-20 12:50:00,0.90255,1.18477,1.31266
2020-08-20 12:51:00,0.90265,1.1849,1.31262
2020-08-20 12:52:00,0.90261,1.1845,1.31224
2020-08-20 12:53:00,0.9024200000000001,1.18394,1.31192
2020-08-20 12:54:00,0.9025200000000001,1.18395,1.31178
2020-08-20 12:55:00,0.9025299999999999,1.18385,1.31165
2020-08-20 12:56:00,0.90233,1.18331,1.31134
2020-08-20 12:57:00,0.9023,1.18301,1.3111
2020-08-20 12:58:00,0.9024700000000001,1.18266,1.31041
2020-08-20 12:59:00,0.90256,1.18301,1.31065
2020-08-20 13:00:00,0.90294,1.18308,1.31017
2020-08-20 13:01:00,0.9029299999999999,1.18293,1.31003
2020-08-20 13:02:00,0.90296,1.18265,1.30967
2020-08-20 13:03:00,0.90275,1.18287,1.31022
2020-08-20 13:04:00,0.9029299999999999,1.18254,1.30957
2020-08-20 13:05:00,0.9028200000000001,1.18245,1.30965
2020-08-20 13:06:00,0.9028700000000001,1.18241,1.30955
2020-08-20 13:07:00,0.9027799999999999,1.18216,1.30936
2020-08-20 13:08:00,0.9028799999999999,1.18206,1.30909
2020-08-20 13:09:00,0.90281,1.18212,1.30927
2020-08-20 13:10:00,0.90266,1.18179,1.30914
2020-08-20 13:11:00,0.90269,1.18183,1.30916
2020-08-20 13:12:00,0.90266,1.18169,1.30903
2020-08-20 13:13:00,0.90261,1.18142,1.30878
2020-08-20 13:14:00,0.90246,1.18124,1.3089
2020-08-20 13:15:00,0.90228,1.18071,1.30855
2020-08-20 13:16:00,0.9022700000000001,1.18031,1.30804
2020-08-20 13:17:00,0.9022,1.18059,1.30845
2020-08-20 13:18:00,0.90194,1.18076,1.30903
2020-08-20 13:19:00,0.90192,1.18063,1.30892
2020-08-20 13:20:00,0.90205,1.18082,1.30901
2020-08-20 13:21:00,0.90222,1.1811,1.30906
2020-08-20 13:22:00,0.9022899999999999,1.18136,1.30921
2020-08-20 13:23:00,0.90228,1.18134,1.30917
2020-08-20 13:24:00,0.9022700000000001,1.18166,1.30959
2020-08-20 13:25:00,0.90236,1.18181,1.30959
2020-08-20 13:26:00,0.90251,1.18176,1.30936
2020-08-20 13:27:00,0.9025,1.18151,1.30909
2020-08-20 13:28:00,0.90243,1.1814,1.30904
2020-08-20 13:29:00,0.9024200000000001,1.18129,1.30896
2020-08-20 13:30:00,0.9022899999999999,1.18112,1.30897
2020-08-20 13:31:00,0.90248,1.18099,1.30856
2020-08-20 13:32:00,0.9024200000000001,1.18133,1.30897
2020-08-20 13:33:00,0.9024,1.18115,1.30884
2020-08-20 13:34:00,0.9026,1.18129,1.30868
2020-08-20 13:35:00,0.90249,1.18145,1.30901
2020-08-20 13:36:00,0.90241,1.18155,1.30927
2020-08-20 13:37:00,0.9025799999999999,1.18198,1.30947
2020-08-20 13:38:00,0.9025,1.18176,1.30934
2020-08-20 13:39:00,0.9024700000000001,1.18165,1.30929
2020-08-20 13:40:00,0.9024399999999999,1.1814,1.30905
2020-08-20 13:41:00,0.9023399999999999,1.1815,1.30928
2020-08-20 13:42:00,0.9024,1.18127,1.30897
2020-08-20 13:43:00,0.90225,1.18119,1.30908
2020-08-20 13:44:00,0.90212,1.1818,1.30997
2020-08-20 13:45:00,0.9023,1.18195,1.30984
2020-08-20 13:46:00,0.90228,1.18235,1.31037
2020-08-20 13:47:00,0.9023200000000001,1.18228,1.31019
2020-08-20 13:48:00,0.90243,1.18236,1.31014
2020-08-20 13:49:00,0.90248,1.1822,1.30987
2020-08-20 13:50:00,0.9025700000000001,1.18254,1.31012
2020-08-20 13:51:00,0.90261,1.18265,1.31019
2020-08-20 13:52:00,0.9027700000000001,1.1827,1.31003
2020-08-20 13:53:00,0.90265,1.18287,1.31037
2020-08-20 13:54:00,0.90276,1.18295,1.3103
2020-08-20 13:55:00,0.9027700000000001,1.18295,1.31024
2020-08-20 13:56:00,0.90266,1.18329,1.31083
2020-08-20 13:57:00,0.9030100000000001,1.18355,1.31058
2020-08-20 13:58:00,0.9029799999999999,1.18339,1.31046
2020-08-20 13:59:00,0.90315,1.18334,1.31016
2020-08-20 14:00:00,0.9029299999999999,1.18301,1.31007
2020-08-20 14:01:00,0.9025799999999999,1.18256,1.3101
2020-08-20 14:02:00,0.9024,1.18272,1.31057
2020-08-20 14:03:00,0.9023200000000001,1.18287,1.31087
2020-08-20 14:04:00,0.9020799999999999,1.18278,1.31112
2020-08-20 14:05:00,0.9017,1.18245,1.31128
2020-08-20 14:06:00,0.9017,1.18284,1.31177
2020-08-20 14:07:00,0.9014200000000001,1.18289,1.31221
2020-08-20 14:08:00,0.9012600000000001,1.18283,1.3124
2020-08-20 14:09:00,0.9013700000000001,1.1832,1.31261
2020-08-20 14:10:00,0.90145,1.18353,1.31287
2020-08-20 14:11:00,0.9013200000000001,1.18368,1.3132
2020-08-20 14:12:00,0.9013100000000001,1.18349,1.31301
2020-08-20 14:13:00,0.90133,1.18326,1.31273
2020-08-20 14:14:00,0.90125,1.18318,1.31279
2020-08-20 14:15:00,0.90135,1.18335,1.31281
2020-08-20 14:16:00,0.9012399999999999,1.18379,1.31342
2020-08-20 14:17:00,0.9012100000000001,1.1837,1.31338
2020-08-20 14:18:00,0.90122,1.18347,1.31311
2020-08-20 14:19:00,0.90122,1.1837,1.31336
2020-08-20 14:20:00,0.90118,1.18362,1.31336
2020-08-20 14:21:00,0.90104,1.18339,1.3133
2020-08-20 14:22:00,0.9010600000000001,1.1834,1.3133
2020-08-20 14:23:00,0.90109,1.18347,1.31334
2020-08-20 14:24:00,0.90125,1.18338,1.31288
2020-08-20 14:25:00,0.9010600000000001,1.18345,1.31331
2020-08-20 14:26:00,0.90094,1.1837,1.31381
2020-08-20 14:27:00,0.9009799999999999,1.18358,1.31359
2020-08-20 14:28:00,0.90102,1.18346,1.31337
2020-08-20 14:29:00,0.90091,1.18338,1.31353
2020-08-20 14:30:00,0.90095,1.18326,1.31329
2020-08-20 14:31:00,0.90115,1.18388,1.31369
2020-08-20 14:32:00,0.9012899999999999,1.18401,1.31363
2020-08-20 14:33:00,0.90154,1.18395,1.31318
2020-08-20 14:34:00,0.90166,1.18392,1.313
2020-08-20 14:35:00,0.90175,1.18401,1.31296
2020-08-20 14:36:00,0.9017200000000001,1.18399,1.313
2020-08-20 14:37:00,0.9015799999999999,1.18366,1.31281
2020-08-20 14:38:00,0.9016299999999999,1.18366,1.31276
2020-08-20 14:39:00,0.9015,1.18382,1.31317
2020-08-20 14:40:00,0.90136,1.18367,1.31311
2020-08-20 14:41:00,0.90141,1.1835,1.31284
2020-08-20 14:42:00,0.90151,1.18374,1.31299
2020-08-20 14:43:00,0.9010299999999999,1.18355,1.31347
2020-08-20 14:44:00,0.90102,1.18374,1.31374
2020-08-20 14:45:00,0.90069,1.1833,1.31367
2020-08-20 14:46:00,0.9008200000000001,1.18385,1.3141
2020-08-20 14:47:00,0.90074,1.18388,1.31426
2020-08-20 14:48:00,0.9003,1.18374,1.3148
2020-08-20 14:49:00,0.9002899999999999,1.18376,1.31478
2020-08-20 14:50:00,0.9004200000000001,1.18406,1.31493
2020-08-20 14:51:00,0.9003399999999999,1.18437,1.31539
2020-08-20 14:52:00,0.90022,1.18403,1.31519
2020-08-20 14:53:00,0.9004700000000001,1.18401,1.31487
2020-08-20 14:54:00,0.90043,1.18436,1.3153
2020-08-20 14:55:00,0.90038,1.18443,1.31541
2020-08-20 14:56:00,0.90081,1.18459,1.31495
2020-08-20 14:57:00,0.9008700000000001,1.18448,1.31476
2020-08-20 14:58:00,0.9009799999999999,1.18398,1.31401
2020-08-20 14:59:00,0.9009799999999999,1.18392,1.31392
2020-08-20 15:00:00,0.9012,1.18412,1.31388
2020-08-20 15:01:00,0.90109,1.18413,1.31405
2020-08-20 15:02:00,0.9015299999999999,1.18427,1.3135
2020-08-20 15:03:00,0.9015,1.18434,1.31368
2020-08-20 15:04:00,0.90155,1.18421,1.31345
2020-08-20 15:05:00,0.9016700000000001,1.18457,1.31366
2020-08-20 15:06:00,0.90149,1.18455,1.31389
2020-08-20 15:07:00,0.9015700000000001,1.18431,1.31354
2020-08-20 15:08:00,0.90143,1.18405,1.31347
2020-08-20 15:09:00,0.90133,1.18393,1.31346
2020-08-20 15:10:00,0.9013700000000001,1.18399,1.31346
2020-08-20 15:11:00,0.9013700000000001,1.18457,1.31407
2020-08-20 15:12:00,0.9013200000000001,1.18448,1.31408
2020-08-20 15:13:00,0.9012700000000001,1.18433,1.31397
2020-08-20 15:14:00,0.9012899999999999,1.18471,1.31435
2020-08-20 15:15:00,0.9012100000000001,1.18456,1.31433
2020-08-20 15:16:00,0.9011399999999999,1.18457,1.31443
2020-08-20 15:17:00,0.9012399999999999,1.18446,1.3142
2020-08-20 15:18:00,0.9011299999999999,1.18473,1.31465
2020-08-20 15:19:00,0.90109,1.18465,1.31464
2020-08-20 15:20:00,0.9010100000000001,1.1847,1.31478
2020-08-20 15:21:00,0.9009,1.18474,1.31495
2020-08-20 15:22:00,0.90089,1.18479,1.31508
2020-08-20 15:23:00,0.90069,1.1847,1.31525
2020-08-20 15:24:00,0.90055,1.18464,1.31536
2020-08-20 15:25:00,0.9004200000000001,1.18453,1.31546
2020-08-20 15:26:00,0.9005,1.18475,1.31559
2020-08-20 15:27:00,0.9006200000000001,1.18495,1.31563
2020-08-20 15:28:00,0.90066,1.18489,1.31548
2020-08-20 15:29:00,0.90064,1.18485,1.31553
2020-08-20 15:30:00,0.90045,1.18486,1.31577
2020-08-20 15:31:00,0.9002899999999999,1.18492,1.31604
2020-08-20 15:32:00,0.9002899999999999,1.18503,1.31618
2020-08-20 15:33:00,0.90025,1.1848,1.31603
2020-08-20 15:34:00,0.90018,1.18475,1.31606
2020-08-20 15:35:00,0.9003,1.185,1.31619
2020-08-20 15:36:00,0.9003,1.18532,1.31656
2020-08-20 15:37:00,0.90036,1.18558,1.31673
2020-08-20 15:38:00,0.9005,1.1855,1.31644
2020-08-20 15:39:00,0.9004,1.18581,1.31695
2020-08-20 15:40:00,0.9003700000000001,1.18583,1.31698
2020-08-20 15:41:00,0.90033,1.18596,1.31719
2020-08-20 15:42:00,0.90044,1.18608,1.31714
2020-08-20 15:43:00,0.90055,1.18585,1.31675
2020-08-20 15:44:00,0.9005200000000001,1.18554,1.31652
2020-08-20 15:45:00,0.90028,1.18557,1.31682
2020-08-20 15:46:00,0.9001399999999999,1.18561,1.31706
2020-08-20 15:47:00,0.9001899999999999,1.18567,1.3171
2020-08-20 15:48:00,0.90005,1.18552,1.31712
2020-08-20 15:49:00,0.9000600000000001,1.18556,1.31713
2020-08-20 15:50:00,0.9001600000000001,1.18579,1.31727
2020-08-20 15:51:00,0.9001,1.18579,1.31733
2020-08-20 15:52:00,0.9001899999999999,1.18571,1.31712
2020-08-20 15:53:00,0.9002,1.18567,1.31708
2020-08-20 15:54:00,0.9002399999999999,1.18563,1.31698
2020-08-20 15:55:00,0.9001899999999999,1.18589,1.31733
2020-08-20 15:56:00,0.90015,1.18615,1.3177
2020-08-20 15:57:00,0.9,1.18602,1.31777
2020-08-20 15:58:00,0.89965,1.18594,1.31818
2020-08-20 15:59:00,0.8996799999999999,1.18602,1.31822
2020-08-20 16:00:00,0.8992,1.18598,1.31889
2020-08-20 16:01:00,0.89891,1.18619,1.31954
2020-08-20 16:02:00,0.8990100000000001,1.18619,1.31937
2020-08-20 16:03:00,0.8993,1.1862,1.31901
2020-08-20 16:04:00,0.8992399999999999,1.18594,1.31874
2020-08-20 16:05:00,0.89936,1.18619,1.31884
2020-08-20 16:06:00,0.89917,1.18634,1.31931
2020-08-20 16:07:00,0.8988700000000001,1.18607,1.31942
2020-08-20 16:08:00,0.8988299999999999,1.18605,1.31946
2020-08-20 16:09:00,0.89874,1.18607,1.31965
2020-08-20 16:10:00,0.8987299999999999,1.18607,1.3196
2020-08-20 16:11:00,0.89885,1.18623,1.31962
2020-08-20 16:12:00,0.8987,1.18602,1.31959
2020-08-20 16:13:00,0.89912,1.18584,1.31885
2020-08-20 16:14:00,0.8990600000000001,1.18602,1.31909
2020-08-20 16:15:00,0.89881,1.18587,1.31929
2020-08-20 16:16:00,0.8988200000000001,1.18588,1.31925
2020-08-20 16:17:00,0.8988200000000001,1.18601,1.31939
2020-08-20 16:18:00,0.89861,1.18578,1.31951
2020-08-20 16:19:00,0.8987200000000001,1.18573,1.31928
2020-08-20 16:20:00,0.89896,1.18578,1.31899
2020-08-20 16:21:00,0.89884,1.18572,1.31908
2020-08-20 16:22:00,0.8988700000000001,1.18572,1.31906
2020-08-20 16:23:00,0.8988299999999999,1.18579,1.31917
2020-08-20 16:24:00,0.89885,1.18571,1.31906
2020-08-20 16:25:00,0.89897,1.1856,1.31875
2020-08-20 16:26:00,0.89885,1.18563,1.31893
2020-08-20 16:27:00,0.8986799999999999,1.18567,1.31925
2020-08-20 16:28:00,0.89855,1.18576,1.31955
2020-08-20 16:29:00,0.89856,1.18571,1.31953
2020-08-20 16:30:00,0.8984700000000001,1.18564,1.31957
2020-08-20 16:31:00,0.89846,1.18558,1.31944
2020-08-20 16:32:00,0.89854,1.18552,1.31933
2020-08-20 16:33:00,0.8985200000000001,1.18552,1.31929
2020-08-20 16:34:00,0.8983899999999999,1.18557,1.31958
2020-08-20 16:35:00,0.89843,1.18552,1.31946
2020-08-20 16:36:00,0.89835,1.18547,1.31953
2020-08-20 16:37:00,0.89833,1.18544,1.31953
2020-08-20 16:38:00,0.89841,1.18538,1.31941
2020-08-20 16:39:00,0.89828,1.1854,1.31953
2020-08-20 16:40:00,0.8983,1.1853,1.31943
2020-08-20 16:41:00,0.89846,1.18542,1.31938
2020-08-20 16:42:00,0.89848,1.18541,1.31927
2020-08-20 16:43:00,0.89866,1.18536,1.31902
2020-08-20 16:44:00,0.89861,1.18528,1.31894
2020-08-20 16:45:00,0.89864,1.18533,1.31899
2020-08-20 16:46:00,0.89854,1.18553,1.31933
2020-08-20 16:47:00,0.89855,1.18554,1.31936
2020-08-20 16:48:00,0.8986,1.18541,1.31913
2020-08-20 16:49:00,0.8985700000000001,1.18547,1.31924
2020-08-20 16:50:00,0.89854,1.18532,1.31912
2020-08-20 16:51:00,0.8985299999999999,1.18538,1.31922
2020-08-20 16:52:00,0.89851,1.18553,1.31937
2020-08-20 16:53:00,0.89846,1.18555,1.31946
2020-08-20 16:54:00,0.8985299999999999,1.18566,1.31949
2020-08-20 16:55:00,0.89859,1.18587,1.31963
2020-08-20 16:56:00,0.8985799999999999,1.18571,1.31946
2020-08-20 16:57:00,0.89876,1.18581,1.31935
2020-08-20 16:58:00,0.89892,1.18571,1.31895
2020-08-20 16:59:00,0.89902,1.18546,1.31854
2020-08-20 17:00:00,0.8988,1.18539,1.31874
2020-08-20 17:01:00,0.89871,1.18543,1.31897
2020-08-20 17:02:00,0.89886,1.18553,1.31883
2020-08-20 17:03:00,0.89885,1.18577,1.31914
2020-08-20 17:04:00,0.8988,1.18568,1.31906
2020-08-20 17:05:00,0.8987799999999999,1.18559,1.31902
2020-08-20 17:06:00,0.89871,1.18561,1.31916
2020-08-20 17:07:00,0.89879,1.18543,1.31884
2020-08-20 17:08:00,0.8987799999999999,1.18541,1.31886
2020-08-20 17:09:00,0.8986799999999999,1.18537,1.31896
2020-08-20 17:10:00,0.8985299999999999,1.18532,1.31912
2020-08-20 17:11:00,0.8987200000000001,1.18542,1.31897
2020-08-20 17:12:00,0.8987700000000001,1.18546,1.31892
2020-08-20 17:13:00,0.89885,1.18518,1.31851
2020-08-20 17:14:00,0.89881,1.18523,1.3186
2020-08-20 17:15:00,0.8987299999999999,1.18526,1.31879
2020-08-20 17:16:00,0.8986700000000001,1.18535,1.31894
2020-08-20 17:17:00,0.89861,1.18524,1.31898
2020-08-20 17:18:00,0.8985299999999999,1.18522,1.31904
2020-08-20 17:19:00,0.89856,1.18524,1.319
2020-08-20 17:20:00,0.89851,1.18515,1.31892
2020-08-20 17:21:00,0.8985200000000001,1.18515,1.31894
2020-08-20 17:22:00,0.89848,1.18526,1.31914
2020-08-20 17:23:00,0.89849,1.18523,1.31912
2020-08-20 17:24:00,0.8985799999999999,1.18529,1.319
2020-08-20 17:25:00,0.8986,1.18533,1.31904
2020-08-20 17:26:00,0.8985200000000001,1.18525,1.31906
2020-08-20 17:27:00,0.8985299999999999,1.18535,1.31913
2020-08-20 17:28:00,0.89848,1.18516,1.31903
2020-08-20 17:29:00,0.8984,1.18512,1.31909
2020-08-20 17:30:00,0.89838,1.18512,1.3191
2020-08-20 17:31:00,0.89822,1.185,1.31924
2020-08-20 17:32:00,0.8982700000000001,1.18501,1.31916
2020-08-20 17:33:00,0.89822,1.18489,1.31913
2020-08-20 17:34:00,0.8982,1.18492,1.31922
2020-08-20 17:35:00,0.8981600000000001,1.1851,1.31936
2020-08-20 17:36:00,0.8981100000000001,1.18516,1.31966
2020-08-20 17:37:00,0.8980899999999999,1.18523,1.31965
2020-08-20 17:38:00,0.8981299999999999,1.18525,1.31966
2020-08-20 17:39:00,0.89804,1.18536,1.31989
2020-08-20 17:40:00,0.8980299999999999,1.18532,1.31991
2020-08-20 17:41:00,0.89786,1.18548,1.32027
2020-08-20 17:42:00,0.89785,1.1853,1.32001
2020-08-20 17:43:00,0.89797,1.18524,1.31982
2020-08-20 17:44:00,0.898,1.18522,1.31981
2020-08-20 17:45:00,0.89797,1.18527,1.31986
2020-08-20 17:46:00,0.8979,1.1852,1.31991
2020-08-20 17:47:00,0.89786,1.18537,1.32014
2020-08-20 17:48:00,0.89792,1.18537,1.32008
2020-08-20 17:49:00,0.89792,1.18553,1.32023
2020-08-20 17:50:00,0.8979299999999999,1.18557,1.3203
2020-08-20 17:51:00,0.8979299999999999,1.18553,1.32023
2020-08-20 17:52:00,0.8979799999999999,1.18566,1.32024
2020-08-20 17:53:00,0.8980299999999999,1.18571,1.32024
2020-08-20 17:54:00,0.8979600000000001,1.18564,1.32028
2020-08-20 17:55:00,0.8980799999999999,1.18549,1.31993
2020-08-20 17:56:00,0.8981899999999999,1.18535,1.31964
2020-08-20 17:57:00,0.8982399999999999,1.18545,1.31971
2020-08-20 17:58:00,0.8982399999999999,1.18523,1.31945
2020-08-20 17:59:00,0.8982899999999999,1.18508,1.31922
2020-08-20 18:00:00,0.8981600000000001,1.18508,1.31938
2020-08-20 18:01:00,0.8980600000000001,1.18515,1.31962
2020-08-20 18:02:00,0.8981299999999999,1.18502,1.31935
2020-08-20 18:03:00,0.89817,1.18503,1.31932
2020-08-20 18:04:00,0.8980600000000001,1.18516,1.31961
2020-08-20 18:05:00,0.89812,1.18514,1.31953
2020-08-20 18:06:00,0.89805,1.18511,1.3196
2020-08-20 18:07:00,0.89805,1.18513,1.31962
2020-08-20 18:08:00,0.89807,1.18511,1.31957
2020-08-20 18:09:00,0.89804,1.18511,1.31964
2020-08-20 18:10:00,0.89789,1.18501,1.31972
2020-08-20 18:11:00,0.89795,1.18505,1.31964
2020-08-20 18:12:00,0.89807,1.18517,1.31966
2020-08-20 18:13:00,0.8981,1.18524,1.31966
2020-08-20 18:14:00,0.8981299999999999,1.18515,1.31953
2020-08-20 18:15:00,0.89807,1.18519,1.31964
2020-08-20 18:16:00,0.8980299999999999,1.18513,1.31966
2020-08-20 18:17:00,0.8979799999999999,1.18518,1.31981
2020-08-20 18:18:00,0.89794,1.18526,1.31992
2020-08-20 18:19:00,0.89785,1.18527,1.32007
2020-08-20 18:20:00,0.8978200000000001,1.18528,1.32011
2020-08-20 18:21:00,0.8975799999999999,1.18545,1.32064
2020-08-20 18:22:00,0.8975799999999999,1.18542,1.32065
2020-08-20 18:23:00,0.8975700000000001,1.18543,1.32066
2020-08-20 18:24:00,0.89775,1.18585,1.32082
2020-08-20 18:25:00,0.8978200000000001,1.18578,1.32066
2020-08-20 18:26:00,0.8978,1.18586,1.3208
2020-08-20 18:27:00,0.8977700000000001,1.1859,1.32086
2020-08-20 18:28:00,0.8977700000000001,1.1859,1.32085
2020-08-20 18:29:00,0.8977299999999999,1.18587,1.32091
2020-08-20 18:30:00,0.8979,1.18584,1.32058
2020-08-20 18:31:00,0.8978799999999999,1.18574,1.32054
2020-08-20 18:32:00,0.89791,1.18564,1.32043
2020-08-20 18:33:00,0.89799,1.18564,1.32027
2020-08-20 18:34:00,0.89794,1.18561,1.32033
2020-08-20 18:35:00,0.89797,1.18558,1.32024
2020-08-20 18:36:00,0.8979799999999999,1.18565,1.32029
2020-08-20 18:37:00,0.89802,1.1857,1.32029
2020-08-20 18:38:00,0.8978200000000001,1.18572,1.32057
2020-08-20 18:39:00,0.8977,1.1856,1.32061
2020-08-20 18:40:00,0.89774,1.18568,1.32067
2020-08-20 18:41:00,0.89774,1.18559,1.3206
2020-08-20 18:42:00,0.89776,1.18552,1.32048
2020-08-20 18:43:00,0.89769,1.1854,1.32036
2020-08-20 18:44:00,0.8977299999999999,1.18521,1.32018
2020-08-20 18:45:00,0.8978200000000001,1.18534,1.32018
2020-08-20 18:46:00,0.89775,1.18536,1.32026
2020-08-20 18:47:00,0.8977200000000001,1.18568,1.32068
2020-08-20 18:48:00,0.89771,1.1857,1.32069
2020-08-20 18:49:00,0.8972600000000001,1.18564,1.32131
2020-08-20 18:50:00,0.8971899999999999,1.18549,1.32126
2020-08-20 18:51:00,0.89723,1.18548,1.32117
2020-08-20 18:52:00,0.8973399999999999,1.18538,1.32095
2020-08-20 18:53:00,0.8973399999999999,1.18531,1.32085
2020-08-20 18:54:00,0.8972600000000001,1.18531,1.32101
2020-08-20 18:55:00,0.8973,1.18542,1.32101
2020-08-20 18:56:00,0.8972899999999999,1.18536,1.32097
2020-08-20 18:57:00,0.89733,1.18537,1.32092
2020-08-20 18:58:00,0.8971100000000001,1.18537,1.32117
2020-08-20 18:59:00,0.8970799999999999,1.18539,1.32127
2020-08-20 19:00:00,0.8970600000000001,1.18519,1.32112
2020-08-20 19:01:00,0.89722,1.18525,1.32092
2020-08-20 19:02:00,0.89741,1.1853,1.32071
2020-08-20 19:03:00,0.89743,1.18542,1.32081
2020-08-20 19:04:00,0.89744,1.1856,1.32106
2020-08-20 19:05:00,0.89741,1.18565,1.32109
2020-08-20 19:06:00,0.8974,1.18575,1.32125
2020-08-20 19:07:00,0.8971600000000001,1.18592,1.32184
2020-08-20 19:08:00,0.8972,1.18588,1.32176
2020-08-20 19:09:00,0.8971899999999999,1.18609,1.32192
2020-08-20 19:10:00,0.8972399999999999,1.18603,1.32179
2020-08-20 19:11:00,0.89723,1.18593,1.32169
2020-08-20 19:12:00,0.8971600000000001,1.18569,1.32153
2020-08-20 19:13:00,0.8972,1.18587,1.32168
2020-08-20 19:14:00,0.8972100000000001,1.18591,1.3217
2020-08-20 19:15:00,0.89712,1.18576,1.32163
2020-08-20 19:16:00,0.8972100000000001,1.18568,1.3214
2020-08-20 19:17:00,0.8972399999999999,1.18577,1.32147
2020-08-20 19:18:00,0.8972100000000001,1.18564,1.32138
2020-08-20 19:19:00,0.8972700000000001,1.18548,1.32114
2020-08-20 19:20:00,0.89731,1.18536,1.32095
2020-08-20 19:21:00,0.89735,1.18542,1.32095
2020-08-20 19:22:00,0.89735,1.18548,1.32099
2020-08-20 19:23:00,0.8973,1.18546,1.32106
2020-08-20 19:24:00,0.8972899999999999,1.18547,1.32107
2020-08-20 19:25:00,0.8973700000000001,1.18551,1.321
2020-08-20 19:26:00,0.8974,1.18549,1.32094
2020-08-20 19:27:00,0.8973399999999999,1.18531,1.3208
2020-08-20 19:28:00,0.8972600000000001,1.18529,1.32094
2020-08-20 19:29:00,0.8972,1.18518,1.32087
2020-08-20 19:30:00,0.8972700000000001,1.18541,1.32106
2020-08-20 19:31:00,0.8972399999999999,1.18521,1.32088
2020-08-20 19:32:00,0.8972600000000001,1.18525,1.32088
2020-08-20 19:33:00,0.89718,1.18508,1.32083
2020-08-20 19:34:00,0.8971899999999999,1.18504,1.32076
2020-08-20 19:35:00,0.8971399999999999,1.18503,1.32084
2020-08-20 19:36:00,0.8971399999999999,1.18516,1.32097
2020-08-20 19:37:00,0.8972100000000001,1.18528,1.32101
2020-08-20 19:38:00,0.89725,1.18536,1.32104
2020-08-20 19:39:00,0.8972399999999999,1.18538,1.3211
2020-08-20 19:40:00,0.8972399999999999,1.18545,1.32118
2020-08-20 19:41:00,0.89715,1.18554,1.32139
2020-08-20 19:42:00,0.8971399999999999,1.18565,1.32155
2020-08-20 19:43:00,0.8970899999999999,1.18575,1.32168
2020-08-20 19:44:00,0.8971899999999999,1.18578,1.3216
2020-08-20 19:45:00,0.8971899999999999,1.18577,1.32158
2020-08-20 19:46:00,0.8971600000000001,1.18576,1.32156
2020-08-20 19:47:00,0.8972100000000001,1.1858,1.32155
2020-08-20 19:48:00,0.8971399999999999,1.18581,1.32163
2020-08-20 19:49:00,0.8971399999999999,1.18579,1.32166
2020-08-20 19:50:00,0.8971399999999999,1.18568,1.3216
2020-08-20 19:51:00,0.8971899999999999,1.18572,1.32152
2020-08-20 19:52:00,0.8972600000000001,1.18578,1.32144
2020-08-20 19:53:00,0.8972700000000001,1.18575,1.32144
2020-08-20 19:54:00,0.8972700000000001,1.18557,1.32121
2020-08-20 19:55:00,0.8972700000000001,1.18563,1.3213
2020-08-20 19:56:00,0.8971600000000001,1.18573,1.32158
2020-08-20 19:57:00,0.8971100000000001,1.18584,1.32175
2020-08-20 19:58:00,0.89715,1.18594,1.32181
2020-08-20 19:59:00,0.8969799999999999,1.18596,1.32206
2020-08-20 20:00:00,0.89707,1.18615,1.32218
2020-08-20 20:01:00,0.8971600000000001,1.18615,1.32203
2020-08-20 20:02:00,0.897,1.18616,1.32226
2020-08-20 20:03:00,0.89697,1.18609,1.32227
2020-08-20 20:04:00,0.8971,1.18609,1.32203
2020-08-20 20:05:00,0.89712,1.18609,1.32202
2020-08-20 20:06:00,0.89718,1.1862,1.32206
2020-08-20 20:07:00,0.8972399999999999,1.18611,1.32184
2020-08-20 20:08:00,0.89702,1.1861,1.32217
2020-08-20 20:09:00,0.89702,1.1861,1.32221
2020-08-20 20:10:00,0.8971100000000001,1.18609,1.32206
2020-08-20 20:11:00,0.8971399999999999,1.1861,1.32195
2020-08-20 20:12:00,0.8972600000000001,1.1861,1.32179
2020-08-20 20:13:00,0.8972899999999999,1.18609,1.32175
2020-08-20 20:14:00,0.8972899999999999,1.18611,1.32179
2020-08-20 20:15:00,0.8972399999999999,1.18611,1.32187
2020-08-20 20:16:00,0.8972,1.18609,1.32189
2020-08-20 20:17:00,0.8972700000000001,1.1861,1.32178
2020-08-20 20:18:00,0.8973,1.1861,1.32175
2020-08-20 20:19:00,0.89736,1.18609,1.32165
2020-08-20 20:20:00,0.89738,1.1861,1.32164
2020-08-20 20:21:00,0.89736,1.1861,1.32165
2020-08-20 20:22:00,0.89743,1.1861,1.32157
2020-08-20 20:23:00,0.89745,1.18609,1.32153
2020-08-20 20:24:00,0.89745,1.18609,1.32148
2020-08-20 20:25:00,0.8974799999999999,1.18611,1.32149
2020-08-20 20:26:00,0.8974700000000001,1.18611,1.32148
2020-08-20 20:27:00,0.89746,1.18611,1.32149
2020-08-20 20:28:00,0.8974200000000001,1.1861,1.32154
2020-08-20 20:29:00,0.89746,1.18611,1.32149
2020-08-20 20:30:00,0.89744,1.18618,1.32157
2020-08-20 20:31:00,0.8974799999999999,1.18619,1.32158
2020-08-20 20:32:00,0.8974799999999999,1.18617,1.32156
2020-08-20 20:33:00,0.89743,1.1862,1.32164
2020-08-20 20:34:00,0.8974,1.18613,1.32164
2020-08-20 20:35:00,0.89738,1.18613,1.32168
2020-08-20 20:36:00,0.89733,1.18611,1.32171
2020-08-20 20:37:00,0.8973200000000001,1.18609,1.32168
2020-08-20 20:38:00,0.89733,1.1861,1.32167
2020-08-20 20:39:00,0.89731,1.18609,1.3217
2020-08-20 20:40:00,0.89731,1.18612,1.32172
2020-08-20 20:41:00,0.89731,1.1861,1.32174
2020-08-20 20:42:00,0.89722,1.1861,1.32183
2020-08-20 20:43:00,0.89718,1.18609,1.32193
2020-08-20 20:44:00,0.8971899999999999,1.18615,1.32194
2020-08-20 20:45:00,0.89715,1.18617,1.32201
2020-08-20 20:46:00,0.8971299999999999,1.18613,1.32202
2020-08-20 20:47:00,0.89717,1.18613,1.32197
2020-08-20 20:48:00,0.8971899999999999,1.1861,1.32187
2020-08-20 20:49:00,0.89725,1.18608,1.32175
2020-08-20 20:50:00,0.8972399999999999,1.18615,1.32185
2020-08-20 20:51:00,0.8972899999999999,1.18621,1.32179
2020-08-20 20:52:00,0.89733,1.18615,1.32173
2020-08-20 20:53:00,0.89736,1.18616,1.32167
2020-08-20 20:54:00,0.89736,1.18615,1.32167
2020-08-20 20:55:00,0.89736,1.18609,1.32161
2020-08-20 20:56:00,0.89736,1.18612,1.32163
2020-08-20 20:57:00,0.89743,1.18609,1.32151
2020-08-20 20:58:00,0.89751,1.18609,1.32136
2020-08-20 20:59:00,0.89754,1.1861,1.32128
2020-08-20 21:00:00,0.89728,1.18599,1.32129
2020-08-20 21:02:00,0.8972600000000001,1.18601,1.32137
2020-08-20 21:04:00,0.89725,1.18599,1.32137
2020-08-20 21:05:00,0.89722,1.18596,1.32147
2020-08-20 21:06:00,0.8971600000000001,1.18598,1.3214
2020-08-20 21:07:00,0.8971,1.18548,1.32141
2020-08-20 21:08:00,0.89705,1.18569,1.32139
2020-08-20 21:09:00,0.89735,1.18613,1.32141
2020-08-20 21:10:00,0.89735,1.18613,1.3214
2020-08-20 21:11:00,0.89736,1.18614,1.32139
2020-08-20 21:12:00,0.89738,1.18613,1.3213
2020-08-20 21:13:00,0.89745,1.18614,1.32125
2020-08-20 21:14:00,0.89746,1.18614,1.32126
2020-08-20 21:15:00,0.89735,1.18615,1.32136
2020-08-20 21:16:00,0.89736,1.18615,1.32139
2020-08-20 21:17:00,0.89735,1.18615,1.32138
2020-08-20 21:18:00,0.8973700000000001,1.18615,1.32143
2020-08-20 21:19:00,0.89736,1.18615,1.32144
2020-08-20 21:20:00,0.8973700000000001,1.18615,1.32144
2020-08-20 21:21:00,0.89736,1.18615,1.32139
2020-08-20 21:22:00,0.8973700000000001,1.18615,1.32139
2020-08-20 21:23:00,0.8973700000000001,1.18616,1.32139
2020-08-20 21:24:00,0.89736,1.18619,1.32146
2020-08-20 21:25:00,0.89736,1.18616,1.32139
2020-08-20 21:26:00,0.8972,1.18617,1.3215
2020-08-20 21:27:00,0.8972,1.18616,1.32154
2020-08-20 21:28:00,0.8972,1.18621,1.32149
2020-08-20 21:29:00,0.8972,1.18613,1.3215
2020-08-20 21:30:00,0.8972700000000001,1.18613,1.32149
2020-08-20 21:31:00,0.8972600000000001,1.18612,1.32149
2020-08-20 21:32:00,0.89731,1.18612,1.3215
2020-08-20 21:33:00,0.89728,1.18612,1.32149
2020-08-20 21:34:00,0.89731,1.18612,1.32149
2020-08-20 21:35:00,0.8973200000000001,1.18612,1.3215
2020-08-20 21:36:00,0.8973399999999999,1.18612,1.32148
2020-08-20 21:37:00,0.8973200000000001,1.18611,1.32148
2020-08-20 21:38:00,0.8973200000000001,1.18611,1.32147
2020-08-20 21:39:00,0.89733,1.18611,1.32148
2020-08-20 21:40:00,0.89731,1.18611,1.32148
2020-08-20 21:41:00,0.8973200000000001,1.18611,1.32149
2020-08-20 21:42:00,0.89733,1.18613,1.32147
2020-08-20 21:43:00,0.89733,1.18612,1.32147
2020-08-20 21:44:00,0.89738,1.18613,1.32147
2020-08-20 21:45:00,0.8973399999999999,1.18612,1.32147
2020-08-20 21:46:00,0.89731,1.18612,1.32145
2020-08-20 21:47:00,0.89731,1.18612,1.32146
2020-08-20 21:48:00,0.89735,1.18612,1.32145
2020-08-20 21:49:00,0.89736,1.18612,1.32147
2020-08-20 21:50:00,0.89735,1.18613,1.32146
2020-08-20 21:51:00,0.89764,1.18612,1.32084
2020-08-20 21:52:00,0.89733,1.18611,1.32132
2020-08-20 21:55:00,0.8973200000000001,1.18611,1.32146
2020-08-20 21:56:00,0.89733,1.18611,1.32144
2020-08-20 21:57:00,0.8972899999999999,1.18611,1.32156
2020-08-20 21:58:00,0.89731,1.1861,1.32145
2020-08-20 21:59:00,0.8973,1.1861,1.32145
2020-08-20 22:00:00,0.89728,1.18608,1.32144
2020-08-20 22:01:00,0.89746,1.18613,1.32147
2020-08-20 22:02:00,0.8974799999999999,1.18614,1.32151
2020-08-20 22:03:00,0.89746,1.18622,1.32159
2020-08-20 22:04:00,0.8974700000000001,1.18621,1.32159
2020-08-20 22:05:00,0.8975200000000001,1.18631,1.32159
2020-08-20 22:06:00,0.89755,1.18628,1.32156
2020-08-20 22:07:00,0.89754,1.1863,1.32159
2020-08-20 22:08:00,0.8975700000000001,1.18633,1.32159
2020-08-20 22:09:00,0.8975799999999999,1.18642,1.32158
2020-08-20 22:10:00,0.89749,1.18626,1.32158
2020-08-20 22:11:00,0.89754,1.18631,1.32159
2020-08-20 22:12:00,0.89736,1.18625,1.32176
2020-08-20 22:13:00,0.89741,1.18631,1.32176
2020-08-20 22:14:00,0.8974,1.18629,1.32177
2020-08-20 22:15:00,0.89741,1.18632,1.32177
2020-08-20 22:16:00,0.8973700000000001,1.18636,1.32187
2020-08-20 22:17:00,0.89741,1.18642,1.32184
2020-08-20 22:18:00,0.89743,1.1865,1.32192
2020-08-20 22:19:00,0.8974799999999999,1.18644,1.3218
2020-08-20 22:20:00,0.89746,1.18645,1.32179
2020-08-20 22:21:00,0.89749,1.18647,1.32178
2020-08-20 22:22:00,0.89746,1.18646,1.32184
2020-08-20 22:23:00,0.8972700000000001,1.18637,1.32205
2020-08-20 22:24:00,0.89728,1.18639,1.32205
2020-08-20 22:25:00,0.8973700000000001,1.18643,1.32204
2020-08-20 22:26:00,0.8973399999999999,1.1864,1.32206
2020-08-20 22:27:00,0.89745,1.18637,1.3218
2020-08-20 22:28:00,0.89744,1.1864,1.32188
2020-08-20 22:29:00,0.89746,1.1864,1.32184
2020-08-20 22:30:00,0.89738,1.18637,1.32189
2020-08-20 22:31:00,0.89741,1.18636,1.32187
2020-08-20 22:32:00,0.89744,1.18641,1.32194
2020-08-20 22:33:00,0.89741,1.18642,1.32195
2020-08-20 22:34:00,0.8975200000000001,1.18647,1.32184
2020-08-20 22:35:00,0.89751,1.18644,1.3218
2020-08-20 22:36:00,0.8974200000000001,1.18635,1.32179
2020-08-20 22:37:00,0.89744,1.18637,1.32185
2020-08-20 22:38:00,0.8974799999999999,1.18643,1.32189
2020-08-20 22:39:00,0.8975,1.18642,1.32184
2020-08-20 22:40:00,0.8975,1.18642,1.32178
2020-08-20 22:41:00,0.8975299999999999,1.18641,1.32172
2020-08-20 22:42:00,0.8975,1.18642,1.32177
2020-08-20 22:43:00,0.89746,1.18641,1.32183
2020-08-20 22:44:00,0.89743,1.1865,1.32199
2020-08-20 22:45:00,0.89738,1.18652,1.32209
2020-08-20 22:46:00,0.8974200000000001,1.1865,1.32196
2020-08-20 22:47:00,0.89745,1.18651,1.32197
2020-08-20 22:48:00,0.89745,1.18651,1.32197
2020-08-20 22:49:00,0.89746,1.18652,1.32194
2020-08-20 22:50:00,0.89746,1.1865,1.32191
2020-08-20 22:51:00,0.8974700000000001,1.1865,1.32195
2020-08-20 22:52:00,0.89743,1.18641,1.32187
2020-08-20 22:53:00,0.8973899999999999,1.18642,1.32196
2020-08-20 22:54:00,0.8974200000000001,1.18649,1.322
2020-08-20 22:55:00,0.89744,1.18643,1.32193
2020-08-20 22:56:00,0.89755,1.18651,1.32183
2020-08-20 22:57:00,0.8975700000000001,1.18651,1.32183
2020-08-20 22:58:00,0.8975700000000001,1.18652,1.32189
2020-08-20 22:59:00,0.89745,1.18652,1.32194
2020-08-20 23:00:00,0.8974700000000001,1.18651,1.32196
2020-08-20 23:01:00,0.89744,1.18649,1.32197
2020-08-20 23:02:00,0.8973899999999999,1.18658,1.32213
2020-08-20 23:03:00,0.8974,1.18652,1.32207
2020-08-20 23:04:00,0.89738,1.18653,1.32209
2020-08-20 23:05:00,0.8975299999999999,1.18667,1.32205
2020-08-20 23:06:00,0.8975700000000001,1.18669,1.32206
2020-08-20 23:07:00,0.8975799999999999,1.18669,1.32194
2020-08-20 23:08:00,0.89756,1.18669,1.32205
2020-08-20 23:09:00,0.89764,1.18669,1.32193
2020-08-20 23:10:00,0.89764,1.18667,1.32187
2020-08-20 23:11:00,0.89761,1.18668,1.32195
2020-08-20 23:12:00,0.89766,1.18663,1.32183
2020-08-20 23:13:00,0.8976799999999999,1.18656,1.32168
2020-08-20 23:14:00,0.8977,1.18651,1.32165
2020-08-20 23:15:00,0.89765,1.18649,1.32168
2020-08-20 23:16:00,0.89765,1.18647,1.32169
2020-08-20 23:17:00,0.89761,1.1865,1.32176
2020-08-20 23:18:00,0.8976200000000001,1.1865,1.32175
2020-08-20 23:19:00,0.89766,1.18647,1.32165
2020-08-20 23:20:00,0.8976299999999999,1.18648,1.3217
2020-08-20 23:21:00,0.89766,1.18652,1.32167
2020-08-20 23:22:00,0.8977200000000001,1.18653,1.32163
2020-08-20 23:23:00,0.8977200000000001,1.18663,1.32173
2020-08-20 23:24:00,0.89775,1.18663,1.3217
2020-08-20 23:25:00,0.89769,1.18656,1.32167
2020-08-20 23:26:00,0.89765,1.18659,1.32173
2020-08-20 23:27:00,0.8976799999999999,1.18659,1.32175
2020-08-20 23:28:00,0.8976,1.1866,1.32186
2020-08-20 23:29:00,0.8976200000000001,1.18664,1.32187
2020-08-20 23:30:00,0.8976299999999999,1.18667,1.32183
2020-08-20 23:31:00,0.8976299999999999,1.18661,1.32183
2020-08-20 23:32:00,0.8976,1.18656,1.32184
2020-08-20 23:33:00,0.89764,1.18663,1.32183
2020-08-20 23:34:00,0.89765,1.18663,1.32183
2020-08-20 23:35:00,0.89765,1.18663,1.32184
2020-08-20 23:36:00,0.89765,1.18665,1.32182
2020-08-20 23:37:00,0.89769,1.18667,1.32183
2020-08-20 23:38:00,0.8977,1.18669,1.32183
2020-08-20 23:39:00,0.8977,1.18667,1.32182
2020-08-20 23:40:00,0.89766,1.18663,1.32182
2020-08-20 23:41:00,0.8976299999999999,1.18652,1.32173
2020-08-20 23:42:00,0.8976799999999999,1.18651,1.32172
2020-08-20 23:43:00,0.8977,1.1865,1.32161
2020-08-20 23:44:00,0.8977200000000001,1.18651,1.32158
2020-08-20 23:45:00,0.8977299999999999,1.18659,1.32168
2020-08-20 23:46:00,0.89774,1.18662,1.32167
2020-08-20 23:47:00,0.89771,1.18665,1.32175
2020-08-20 23:48:00,0.8977,1.18667,1.32177
2020-08-20 23:49:00,0.89769,1.18668,1.32183
2020-08-20 23:50:00,0.89774,1.18677,1.32185
2020-08-20 23:51:00,0.89766,1.18683,1.32204
2020-08-20 23:52:00,0.89769,1.18687,1.32203
2020-08-20 23:53:00,0.8977700000000001,1.18697,1.32204
2020-08-20 23:54:00,0.8977200000000001,1.18687,1.32201
2020-08-20 23:55:00,0.8977700000000001,1.18697,1.32202
2020-08-20 23:56:00,0.89779,1.18707,1.32212
2020-08-20 23:57:00,0.8978,1.187,1.32202
2020-08-20 23:58:00,0.8978200000000001,1.18696,1.32195
2020-08-20 23:59:00,0.8978700000000001,1.18697,1.32188
